mtllib helecho2.mtl
o Cube003_1
usemtl Material.003
v -4.13977078789749 3.595391182047578 -35.75569973999614
v 22.96647747844896 3.5953910792454593 -14.037428391203449
v 24.27250473400715 43.88021363806075 -15.66746171191599
v -4.13977078789749 3.595391182047578 -35.75569973999614
v 24.27250473400715 43.88021363806075 -15.66746171191599
v -2.8337445147606957 43.88021374086294 -37.38573183456288
v 30.529973011818328 -38.04404279658946 -23.477290544587575
v 30.52997525634073 3.5953905756517557 -23.477288295369686
v 22.96647747844896 3.5953910792454593 -14.037428391203449
v 30.529973011818328 -38.04404279658946 -23.477290544587575
v 22.96647747844896 3.5953910792454593 -14.037428391203449
v 22.966481948120432 -38.04404229299576 -14.037424589730254
v 22.966481948120432 -38.04404229299576 -14.037424589730254
v 22.96647747844896 3.5953910792454593 -14.037428391203449
v -4.13977078789749 3.595391182047578 -35.75569973999614
v 22.966481948120432 -38.04404229299576 -14.037424589730254
v -4.13977078789749 3.595391182047578 -35.75569973999614
v -4.139772977513918 -38.044042190193494 -35.755697247548554
v -4.139772977513918 -38.044042190193494 -35.755697247548554
v -4.13977078789749 3.595391182047578 -35.75569973999614
v 3.4237154450713803 3.595390678453981 -45.1955668809803
v -4.139772977513918 -38.044042190193494 -35.755697247548554
v 3.4237154450713803 3.595390678453981 -45.1955668809803
v 3.423719587269055 -38.04404269378722 -45.195562670791844
v 24.27250473400715 43.88021363806075 -15.66746171191599
v 32.839290731891076 32.426877986419605 -26.251779580912384
v 52.40648807960403 67.60642717456413 -36.0698752204769
v 24.27250473400715 43.88021363806075 -15.66746171191599
v 52.40648807960403 67.60642717456413 -36.0698752204769
v 53.46768346296921 90.05422722513981 -29.160660765721854
v 22.96647747844896 3.5953910792454593 -14.037428391203449
v 30.52997525634073 3.5953905756517557 -23.477288295369686
v 32.839290731891076 32.426877986419605 -26.251779580912384
v 22.96647747844896 3.5953910792454593 -14.037428391203449
v 32.839290731891076 32.426877986419605 -26.251779580912384
v 24.27250473400715 43.88021363806075 -15.66746171191599
v 3.4237154450713803 3.595390678453981 -45.1955668809803
v -4.13977078789749 3.595391182047578 -35.75569973999614
v -2.8337445147606957 43.88021374086294 -37.38573183456288
v 3.4237154450713803 3.595390678453981 -45.1955668809803
v -2.8337445147606957 43.88021374086294 -37.38573183456288
v 5.7330297470104465 32.42687808922183 -47.970059106852304
v 30.52997525634073 3.5953905756517557 -23.477288295369686
v 3.4237154450713803 3.595390678453981 -45.1955668809803
v 5.7330297470104465 32.42687808922183 -47.970059106852304
v 30.52997525634073 3.5953905756517557 -23.477288295369686
v 5.7330297470104465 32.42687808922183 -47.970059106852304
v 32.839290731891076 32.426877986419605 -26.251779580912384
v 19.464928486753152 67.60642008809938 -62.46353067358099
v 18.285324792500298 90.0542201471732 -57.34971348947456
v 49.352647981960935 123.65426544237779 -95.61223021139828
v 19.464928486753152 67.60642008809938 -62.46353067358099
v 49.352647981960935 123.65426544237779 -95.61223021139828
v 48.64676900995858 101.54521385475496 -94.67611069337194
v 5.7330297470104465 32.42687808922183 -47.970059106852304
v -2.8337445147606957 43.88021374086294 -37.38573183456288
v 18.285324792500298 90.0542201471732 -57.34971348947456
v 5.7330297470104465 32.42687808922183 -47.970059106852304
v 18.285324792500298 90.0542201471732 -57.34971348947456
v 19.464928486753152 67.60642008809938 -62.46353067358099
v 32.839290731891076 32.426877986419605 -26.251779580912384
v 5.7330297470104465 32.42687808922183 -47.970059106852304
v 19.464928486753152 67.60642008809938 -62.46353067358099
v 32.839290731891076 32.426877986419605 -26.251779580912384
v 19.464928486753152 67.60642008809938 -62.46353067358099
v 52.40648807960403 67.60642717456413 -36.0698752204769
v -2.8337445147606957 43.88021374086294 -37.38573183456288
v 24.27250473400715 43.88021363806075 -15.66746171191599
v 53.46768346296921 90.05422722513981 -29.160660765721854
v -2.8337445147606957 43.88021374086294 -37.38573183456288
v 53.46768346296921 90.05422722513981 -29.160660765721854
v 18.285324792500298 90.0542201471732 -57.34971348947456
v 49.352647981960935 123.65426544237779 -95.61223021139828
v 88.732497890384 123.65426529302728 -64.060011773343
v 118.82129040868064 119.64834585151436 -101.61338971513635
v 49.352647981960935 123.65426544237779 -95.61223021139828
v 118.82129040868064 119.64834585151436 -101.61338971513635
v 79.44144573983836 119.64834600086454 -133.16561469263587
v 52.40648807960403 67.60642717456413 -36.0698752204769
v 19.464928486753152 67.60642008809938 -62.46353067358099
v 48.64676900995858 101.54521385475496 -94.67611069337194
v 52.40648807960403 67.60642717456413 -36.0698752204769
v 48.64676900995858 101.54521385475496 -94.67611069337194
v 87.97289388640522 101.54521370560788 -63.16694895091744
v 18.285324792500298 90.0542201471732 -57.34971348947456
v 53.46768346296921 90.05422722513981 -29.160660765721854
v 88.732497890384 123.65426529302728 -64.060011773343
v 18.285324792500298 90.0542201471732 -57.34971348947456
v 88.732497890384 123.65426529302728 -64.060011773343
v 49.352647981960935 123.65426544237779 -95.61223021139828
v 53.46768346296921 90.05422722513981 -29.160660765721854
v 52.40648807960403 67.60642717456413 -36.0698752204769
v 87.97289388640522 101.54521370560788 -63.16694895091744
v 53.46768346296921 90.05422722513981 -29.160660765721854
v 87.97289388640522 101.54521370560788 -63.16694895091744
v 88.732497890384 123.65426529302728 -64.060011773343
v 76.13626410035118 98.6560517547085 -129.04044661532595
v 79.44144573983836 119.64834600086454 -133.16561469263587
v 108.47924286546144 101.08721419900164 -161.32010720126203
v 76.13626410035118 98.6560517547085 -129.04044661532595
v 108.47924286546144 101.08721419900164 -161.32010720126203
v 103.5242187019688 86.55318893956785 -155.13580193088893
v 88.732497890384 123.65426529302728 -64.060011773343
v 87.97289388640522 101.54521370560788 -63.16694895091744
v 115.51613098446778 98.6560516053576 -97.48822531342192
v 88.732497890384 123.65426529302728 -64.060011773343
v 115.51613098446778 98.6560516053576 -97.48822531342192
v 118.82129040868064 119.64834585151436 -101.61338971513635
v 48.64676900995858 101.54521385475496 -94.67611069337194
v 49.352647981960935 123.65426544237779 -95.61223021139828
v 79.44144573983836 119.64834600086454 -133.16561469263587
v 48.64676900995858 101.54521385475496 -94.67611069337194
v 79.44144573983836 119.64834600086454 -133.16561469263587
v 76.13626410035118 98.6560517547085 -129.04044661532595
v 87.97289388640522 101.54521370560788 -63.16694895091744
v 48.64676900995858 101.54521385475496 -94.67611069337194
v 76.13626410035118 98.6560517547085 -129.04044661532595
v 87.97289388640522 101.54521370560788 -63.16694895091744
v 76.13626410035118 98.6560517547085 -129.04044661532595
v 115.51613098446778 98.6560516053576 -97.48822531342192
v 135.01154034856364 86.55318882014998 -129.9073027152578
v 103.5242187019688 86.55318893956785 -155.13580193088893
v 129.8336630843943 60.63400789170322 -177.87636959040347
v 135.01154034856364 86.55318882014998 -129.9073027152578
v 129.8336630843943 60.63400789170322 -177.87636959040347
v 151.46806151229666 60.63400780965325 -160.54230066275903
v 115.51613098446778 98.6560516053576 -97.48822531342192
v 76.13626410035118 98.6560517547085 -129.04044661532595
v 103.5242187019688 86.55318893956785 -155.13580193088893
v 115.51613098446778 98.6560516053576 -97.48822531342192
v 103.5242187019688 86.55318893956785 -155.13580193088893
v 135.01154034856364 86.55318882014998 -129.9073027152578
v 79.44144573983836 119.64834600086454 -133.16561469263587
v 118.82129040868064 119.64834585151436 -101.61338971513635
v 139.966542296782 101.08721407958451 -136.0916043100354
v 79.44144573983836 119.64834600086454 -133.16561469263587
v 139.966542296782 101.08721407958451 -136.0916043100354
v 108.47924286546144 101.08721419900164 -161.32010720126203
v 118.82129040868064 119.64834585151436 -101.61338971513635
v 115.51613098446778 98.6560516053576 -97.48822531342192
v 135.01154034856364 86.55318882014998 -129.9073027152578
v 118.82129040868064 119.64834585151436 -101.61338971513635
v 135.01154034856364 86.55318882014998 -129.9073027152578
v 139.966542296782 101.08721407958451 -136.0916043100354
v 133.2381717657785 70.62009268297064 -182.1254943368606
v 154.87255032562913 70.6200926009214 -164.79141985296204
v 169.0828597490379 35.50621263643675 -198.0811950029862
v 133.2381717657785 70.62009268297064 -182.1254943368606
v 169.0828597490379 35.50621263643675 -198.0811950029862
v 162.62830637646613 35.50621266091609 -203.25275886366742
v 108.47924286546144 101.08721419900164 -161.32010720126203
v 139.966542296782 101.08721407958451 -136.0916043100354
v 154.87255032562913 70.6200926009214 -164.79141985296204
v 108.47924286546144 101.08721419900164 -161.32010720126203
v 154.87255032562913 70.6200926009214 -164.79141985296204
v 133.2381717657785 70.62009268297064 -182.1254943368606
v 139.966542296782 101.08721407958451 -136.0916043100354
v 135.01154034856364 86.55318882014998 -129.9073027152578
v 151.46806151229666 60.63400780965325 -160.54230066275903
v 139.966542296782 101.08721407958451 -136.0916043100354
v 151.46806151229666 60.63400780965325 -160.54230066275903
v 154.87255032562913 70.6200926009214 -164.79141985296204
v 103.5242187019688 86.55318893956785 -155.13580193088893
v 108.47924286546144 101.08721419900164 -161.32010720126203
v 133.2381717657785 70.62009268297064 -182.1254943368606
v 103.5242187019688 86.55318893956785 -155.13580193088893
v 133.2381717657785 70.62009268297064 -182.1254943368606
v 129.8336630843943 60.63400789170322 -177.87636959040347
v 167.5928102756365 33.4796799549187 -196.22147880224847
v 161.13825455584217 33.47967997939806 -201.39304454358833
v 162.62830637646613 35.50621266091609 -203.25275886366742
v 167.5928102756365 33.4796799549187 -196.22147880224847
v 162.62830637646613 35.50621266091609 -203.25275886366742
v 169.0828597490379 35.50621263643675 -198.0811950029862
v 154.87255032562913 70.6200926009214 -164.79141985296204
v 151.46806151229666 60.63400780965325 -160.54230066275903
v 167.5928102756365 33.4796799549187 -196.22147880224847
v 154.87255032562913 70.6200926009214 -164.79141985296204
v 167.5928102756365 33.4796799549187 -196.22147880224847
v 169.0828597490379 35.50621263643675 -198.0811950029862
v 129.8336630843943 60.63400789170322 -177.87636959040347
v 133.2381717657785 70.62009268297064 -182.1254943368606
v 162.62830637646613 35.50621266091609 -203.25275886366742
v 129.8336630843943 60.63400789170322 -177.87636959040347
v 162.62830637646613 35.50621266091609 -203.25275886366742
v 161.13825455584217 33.47967997939806 -201.39304454358833
v 151.46806151229666 60.63400780965325 -160.54230066275903
v 129.8336630843943 60.63400789170322 -177.87636959040347
v 161.13825455584217 33.47967997939806 -201.39304454358833
v 151.46806151229666 60.63400780965325 -160.54230066275903
v 161.13825455584217 33.47967997939806 -201.39304454358833
v 167.5928102756365 33.4796799549187 -196.22147880224847
v 30.52997525634073 3.5953905756517557 -23.477288295369686
v 30.529973011818328 -38.04404279658946 -23.477290544587575
v 3.423719587269055 -38.04404269378722 -45.195562670791844
v 30.52997525634073 3.5953905756517557 -23.477288295369686
v 3.423719587269055 -38.04404269378722 -45.195562670791844
v 3.4237154450713803 3.595390678453981 -45.1955668809803
v 3.423719587269055 -38.04404269378722 -45.195562670791844
v 30.529973011818328 -38.04404279658946 -23.477290544587575
v 22.966481948120432 -38.04404229299576 -14.037424589730254
v 3.423719587269055 -38.04404269378722 -45.195562670791844
v 22.966481948120432 -38.04404229299576 -14.037424589730254
v -4.139772977513918 -38.044042190193494 -35.755697247548554
v -29.813269643446816 -15.648101794354531 -17.103600265722225
v 29.813237774968755 -15.648107089968583 -17.10358527101813
v 29.81323857437185 22.407167387644915 -20.274465154006265
v -29.813269643446816 -15.648101794354531 -17.103600265722225
v 29.81323857437185 22.407167387644915 -20.274465154006265
v -29.813266496821157 22.407172683258956 -20.274478268051755
v 29.813262572344172 -54.9830268608451 -35.46683537850619
v 29.813269717067783 -15.64811125830736 -35.466834448268855
v 29.813237774968755 -15.648107089968583 -17.10358527101813
v 29.813262572344172 -54.9830268608451 -35.46683537850619
v 29.813237774968755 -15.648107089968583 -17.10358527101813
v 29.813244221388658 -54.98302629820604 -17.10358873358486
v 29.813244221388658 -54.98302629820604 -17.10358873358486
v 29.813237774968755 -15.648107089968583 -17.10358527101813
v -29.813269643446816 -15.648101794354531 -17.103600265722225
v 29.813244221388658 -54.98302629820604 -17.10358873358486
v -29.813269643446816 -15.648101794354531 -17.103600265722225
v -29.81326712671258 -54.983024608290975 -17.10359882370565
v -29.81326712671258 -54.983024608290975 -17.10359882370565
v -29.813269643446816 -15.648101794354531 -17.103600265722225
v -29.813256259504335 -15.648105962692668 -35.46684552157991
v -29.81326712671258 -54.983024608290975 -17.10359882370565
v -29.813256259504335 -15.648105962692668 -35.46684552157991
v -29.81325243287482 -54.98302517092995 -35.466845714424515
v 29.81323857437185 22.407167387644915 -20.274465154006265
v 29.813270946844007 11.587714763419731 -32.29595912604655
v 29.813275418849848 34.0051897059909 -64.79458688307459
v 29.81323857437185 22.407167387644915 -20.274465154006265
v 29.813275418849848 34.0051897059909 -64.79458688307459
v 29.81324240040076 47.22388166649158 -57.75320977938397
v 29.813237774968755 -15.648107089968583 -17.10358527101813
v 29.813269717067783 -15.64811125830736 -35.466834448268855
v 29.813270946844007 11.587714763419731 -32.29595912604655
v 29.813237774968755 -15.648107089968583 -17.10358527101813
v 29.813270946844007 11.587714763419731 -32.29595912604655
v 29.81323857437185 22.407167387644915 -20.274465154006265
v -29.813256259504335 -15.648105962692668 -35.46684552157991
v -29.813269643446816 -15.648101794354531 -17.103600265722225
v -29.813266496821157 22.407172683258956 -20.274478268051755
v -29.813256259504335 -15.648105962692668 -35.46684552157991
v -29.813266496821157 22.407172683258956 -20.274478268051755
v -29.813253856116816 11.587720960459231 -32.295969259028325
v 29.813269717067783 -15.64811125830736 -35.466834448268855
v -29.813256259504335 -15.648105962692668 -35.46684552157991
v -29.813253856116816 11.587720960459231 -32.295969259028325
v 29.813269717067783 -15.64811125830736 -35.466834448268855
v -29.813253856116816 11.587720960459231 -32.295969259028325
v 29.813270946844007 11.587714763419731 -32.29595912604655
v -29.8132508302901 34.005195001605756 -64.7945928060049
v -29.813262534508326 47.22388696210554 -57.753225468619824
v -29.813261085389684 62.267017757542376 -106.66994430110324
v -29.8132508302901 34.005195001605756 -64.7945928060049
v -29.813261085389684 62.267017757542376 -106.66994430110324
v -29.813243101795898 47.980869602738736 -105.5515392763747
v -29.813253856116816 11.587720960459231 -32.295969259028325
v -29.813266496821157 22.407172683258956 -20.274478268051755
v -29.813262534508326 47.22388696210554 -57.753225468619824
v -29.813253856116816 11.587720960459231 -32.295969259028325
v -29.813262534508326 47.22388696210554 -57.753225468619824
v -29.8132508302901 34.005195001605756 -64.7945928060049
v 29.813270946844007 11.587714763419731 -32.29595912604655
v -29.813253856116816 11.587720960459231 -32.295969259028325
v -29.8132508302901 34.005195001605756 -64.7945928060049
v 29.813270946844007 11.587714763419731 -32.29595912604655
v -29.8132508302901 34.005195001605756 -64.7945928060049
v 29.813275418849848 34.0051897059909 -64.79458688307459
v -29.813266496821157 22.407172683258956 -20.274478268051755
v 29.81323857437185 22.407167387644915 -20.274465154006265
v 29.81324240040076 47.22388166649158 -57.75320977938397
v -29.813266496821157 22.407172683258956 -20.274478268051755
v 29.81324240040076 47.22388166649158 -57.75320977938397
v -29.813262534508326 47.22388696210554 -57.753225468619824
v -29.813261085389684 62.267017757542376 -106.66994430110324
v 29.81324840768072 62.26701606762773 -106.66992227535991
v 29.813256890492166 59.662221335555216 -156.95369235638034
v -29.813261085389684 62.267017757542376 -106.66994430110324
v 29.813256890492166 59.662221335555216 -156.95369235638034
v -29.813255494936236 59.66223023686869 -156.95370596202102
v 29.813275418849848 34.0051897059909 -64.79458688307459
v -29.8132508302901 34.005195001605756 -64.7945928060049
v -29.813243101795898 47.980869602738736 -105.5515392763747
v 29.813275418849848 34.0051897059909 -64.79458688307459
v -29.813243101795898 47.980869602738736 -105.5515392763747
v 29.81327976279413 47.98086430712381 -105.55153874962265
v -29.813262534508326 47.22388696210554 -57.753225468619824
v 29.81324240040076 47.22388166649158 -57.75320977938397
v 29.81324840768072 62.26701606762773 -106.66992227535991
v -29.813262534508326 47.22388696210554 -57.753225468619824
v 29.81324840768072 62.26701606762773 -106.66992227535991
v -29.813261085389684 62.267017757542376 -106.66994430110324
v 29.81324240040076 47.22388166649158 -57.75320977938397
v 29.813275418849848 34.0051897059909 -64.79458688307459
v 29.81327976279413 47.98086430712381 -105.55153874962265
v 29.81324240040076 47.22388166649158 -57.75320977938397
v 29.81327976279413 47.98086430712381 -105.55153874962265
v 29.81324840768072 62.26701606762773 -106.66992227535991
v -29.813240388235904 46.01235472286493 -151.43014200198982
v -29.813255494936236 59.66223023686869 -156.95370596202102
v -23.838052408565908 47.5931745794821 -198.8861333501332
v -29.813240388235904 46.01235472286493 -151.43014200198982
v -23.838052408565908 47.5931745794821 -198.8861333501332
v -23.83803290775584 38.14267316966937 -190.6053915681608
v 29.81324840768072 62.26701606762773 -106.66992227535991
v 29.81327976279413 47.98086430712381 -105.55153874962265
v 29.81328247635412 46.01234942725 -151.43014147523778
v 29.81324840768072 62.26701606762773 -106.66992227535991
v 29.81328247635412 46.01234942725 -151.43014147523778
v 29.813256890492166 59.662221335555216 -156.95369235638034
v -29.813243101795898 47.980869602738736 -105.5515392763747
v -29.813261085389684 62.267017757542376 -106.66994430110324
v -29.813255494936236 59.66223023686869 -156.95370596202102
v -29.813243101795898 47.980869602738736 -105.5515392763747
v -29.813255494936236 59.66223023686869 -156.95370596202102
v -29.813240388235904 46.01235472286493 -151.43014200198982
v 29.81327976279413 47.98086430712381 -105.55153874962265
v -29.813243101795898 47.980869602738736 -105.5515392763747
v -29.813240388235904 46.01235472286493 -151.43014200198982
v 29.81327976279413 47.98086430712381 -105.55153874962265
v -29.813240388235904 46.01235472286493 -151.43014200198982
v 29.81328247635412 46.01234942725 -151.43014147523778
v 23.83809574904706 38.142668212748475 -190.6053972671883
v -23.83803290775584 38.14267316966937 -190.6053915681608
v -16.378683405050253 21.28917026099582 -226.34018733783788
v 23.83809574904706 38.142668212748475 -190.6053972671883
v -16.378683405050253 21.28917026099582 -226.34018733783788
v 16.37877011933596 21.28916572689537 -226.34018775078326
v 29.81328247635412 46.01234942725 -151.43014147523778
v -29.813240388235904 46.01235472286493 -151.43014200198982
v -23.83803290775584 38.14267316966937 -190.6053915681608
v 29.81328247635412 46.01234942725 -151.43014147523778
v -23.83803290775584 38.14267316966937 -190.6053915681608
v 23.83809574904706 38.142668212748475 -190.6053972671883
v -29.813255494936236 59.66223023686869 -156.95370596202102
v 29.813256890492166 59.662221335555216 -156.95369235638034
v 23.838060529494697 47.59316962256226 -198.88611943082788
v -29.813255494936236 59.66223023686869 -156.95370596202102
v 23.838060529494697 47.59316962256226 -198.88611943082788
v -23.838052408565908 47.5931745794821 -198.8861333501332
v 29.813256890492166 59.662221335555216 -156.95369235638034
v 29.81328247635412 46.01234942725 -151.43014147523778
v 23.83809574904706 38.142668212748475 -190.6053972671883
v 29.813256890492166 59.662221335555216 -156.95369235638034
v 23.83809574904706 38.142668212748475 -190.6053972671883
v 23.838060529494697 47.59316962256226 -198.88611943082788
v -16.37870323581396 27.78244850036139 -232.02973557687733
v 16.37872409066854 27.782447571961928 -232.02970329260148
v 4.886575832090209 4.950246921669805 -268.4617811070426
v -16.37870323581396 27.78244850036139 -232.02973557687733
v 4.886575832090209 4.950246921669805 -268.4617811070426
v -4.886509017367636 4.950247198655305 -268.46178503022713
v -23.838052408565908 47.5931745794821 -198.8861333501332
v 23.838060529494697 47.59316962256226 -198.88611943082788
v 16.37872409066854 27.782447571961928 -232.02970329260148
v -23.838052408565908 47.5931745794821 -198.8861333501332
v 16.37872409066854 27.782447571961928 -232.02970329260148
v -16.37870323581396 27.78244850036139 -232.02973557687733
v 23.838060529494697 47.59316962256226 -198.88611943082788
v 23.83809574904706 38.142668212748475 -190.6053972671883
v 16.37877011933596 21.28916572689537 -226.34018775078326
v 23.838060529494697 47.59316962256226 -198.88611943082788
v 16.37877011933596 21.28916572689537 -226.34018775078326
v 16.37872409066854 27.782447571961928 -232.02970329260148
v -23.83803290775584 38.14267316966937 -190.6053915681608
v -23.838052408565908 47.5931745794821 -198.8861333501332
v -16.37870323581396 27.78244850036139 -232.02973557687733
v -23.83803290775584 38.14267316966937 -190.6053915681608
v -16.37870323581396 27.78244850036139 -232.02973557687733
v -16.378683405050253 21.28917026099582 -226.34018733783788
v 4.886585271901346 3.632529786170263 -265.97165227884494
v -4.886499577556528 3.6325300631557624 -265.97165620202946
v -4.886509017367636 4.950247198655305 -268.46178503022713
v 4.886585271901346 3.632529786170263 -265.97165227884494
v -4.886509017367636 4.950247198655305 -268.46178503022713
v 4.886575832090209 4.950246921669805 -268.4617811070426
v 16.37872409066854 27.782447571961928 -232.02970329260148
v 16.37877011933596 21.28916572689537 -226.34018775078326
v 4.886585271901346 3.632529786170263 -265.97165227884494
v 16.37872409066854 27.782447571961928 -232.02970329260148
v 4.886585271901346 3.632529786170263 -265.97165227884494
v 4.886575832090209 4.950246921669805 -268.4617811070426
v -16.378683405050253 21.28917026099582 -226.34018733783788
v -16.37870323581396 27.78244850036139 -232.02973557687733
v -4.886509017367636 4.950247198655305 -268.46178503022713
v -16.378683405050253 21.28917026099582 -226.34018733783788
v -4.886509017367636 4.950247198655305 -268.46178503022713
v -4.886499577556528 3.6325300631557624 -265.97165620202946
v 16.37877011933596 21.28916572689537 -226.34018775078326
v -16.378683405050253 21.28917026099582 -226.34018733783788
v -4.886499577556528 3.6325300631557624 -265.97165620202946
v 16.37877011933596 21.28916572689537 -226.34018775078326
v -4.886499577556528 3.6325300631557624 -265.97165620202946
v 4.886585271901346 3.632529786170263 -265.97165227884494
v 29.813269717067783 -15.64811125830736 -35.466834448268855
v 29.813262572344172 -54.9830268608451 -35.46683537850619
v -29.81325243287482 -54.98302517092995 -35.466845714424515
v 29.813269717067783 -15.64811125830736 -35.466834448268855
v -29.81325243287482 -54.98302517092995 -35.466845714424515
v -29.813256259504335 -15.648105962692668 -35.46684552157991
v -29.81325243287482 -54.98302517092995 -35.466845714424515
v 29.813262572344172 -54.9830268608451 -35.46683537850619
v 29.813244221388658 -54.98302629820604 -17.10358873358486
v -29.81325243287482 -54.98302517092995 -35.466845714424515
v 29.813244221388658 -54.98302629820604 -17.10358873358486
v -29.81326712671258 -54.983024608290975 -17.10359882370565
v 29.687872245167895 16.773333957572042 -35.864533872289655
v -29.93330471564368 16.773341080305276 -35.06751471745798
v -29.890919463146417 85.93931898892075 -31.896921739116635
v 29.687872245167895 16.773333957572042 -35.864533872289655
v -29.890919463146417 85.93931898892075 -31.896921739116635
v 29.730258807560308 85.9393100633378 -32.693942528809316
v -29.687871054413094 -54.71840954348512 -16.70590227436314
v -29.687874986090968 16.773343438787354 -16.705906574963524
v -29.93330471564368 16.773341080305276 -35.06751471745798
v -29.687871054413094 -54.71840954348512 -16.70590227436314
v -29.93330471564368 16.773341080305276 -35.06751471745798
v -29.93331672233193 -54.71841009911711 -35.06750976518675
v -29.93331672233193 -54.71841009911711 -35.06750976518675
v -29.93330471564368 16.773341080305276 -35.06751471745798
v 29.687872245167895 16.773333957572042 -35.864533872289655
v -29.93331672233193 -54.71841009911711 -35.06750976518675
v 29.687872245167895 16.773333957572042 -35.864533872289655
v 29.687866515387924 -54.71841181330174 -35.86453194394318
v 29.687866515387924 -54.71841181330174 -35.86453194394318
v 29.687872245167895 16.773333957572042 -35.864533872289655
v 29.93332288009973 16.773336316053467 -17.502927770529627
v 29.687866515387924 -54.71841181330174 -35.86453194394318
v 29.93332288009973 16.773336316053467 -17.502927770529627
v 29.93331584042452 -54.71841125766986 -17.502924207322028
v -29.890919463146417 85.93931898892075 -31.896921739116635
v -29.730262410791894 66.27482389838033 -11.225739570850312
v -29.295851790243546 107.01889435814448 12.619222760745494
v -29.890919463146417 85.93931898892075 -31.896921739116635
v -29.295851790243546 107.01889435814448 12.619222760745494
v -29.389938166339746 131.044043205658 5.578470520791825
v -29.93330471564368 16.773341080305276 -35.06751471745798
v -29.687874986090968 16.773343438787354 -16.705906574963524
v -29.730262410791894 66.27482389838033 -11.225739570850312
v -29.93330471564368 16.773341080305276 -35.06751471745798
v -29.730262410791894 66.27482389838033 -11.225739570850312
v -29.890919463146417 85.93931898892075 -31.896921739116635
v 29.93332288009973 16.773336316053467 -17.502927770529627
v 29.687872245167895 16.773333957572042 -35.864533872289655
v 29.730258807560308 85.9393100633378 -32.693942528809316
v 29.93332288009973 16.773336316053467 -17.502927770529627
v 29.730258807560308 85.9393100633378 -32.693942528809316
v 29.8909391125166 66.27481857849597 -12.022760520618931
v -29.687874986090968 16.773343438787354 -16.705906574963524
v 29.93332288009973 16.773336316053467 -17.502927770529627
v 29.8909391125166 66.27481857849597 -12.022760520618931
v -29.687874986090968 16.773343438787354 -16.705906574963524
v 29.8909391125166 66.27481857849597 -12.022760520618931
v -29.730262410791894 66.27482389838033 -11.225739570850312
v 30.325346348515133 107.01889264395929 11.822196414798494
v 30.231237348292886 131.04404149147382 4.781455576011428
v 30.885112031085317 158.38515170840716 53.69379662539458
v 30.325346348515133 107.01889264395929 11.822196414798494
v 30.885112031085317 158.38515170840716 53.69379662539458
v 30.870142222418302 132.41987680996874 52.57550441941447
v 29.8909391125166 66.27481857849597 -12.022760520618931
v 29.730258807560308 85.9393100633378 -32.693942528809316
v 30.231237348292886 131.04404149147382 4.781455576011428
v 29.8909391125166 66.27481857849597 -12.022760520618931
v 30.231237348292886 131.04404149147382 4.781455576011428
v 30.325346348515133 107.01889264395929 11.822196414798494
v -29.730262410791894 66.27482389838033 -11.225739570850312
v 29.8909391125166 66.27481857849597 -12.022760520618931
v 30.325346348515133 107.01889264395929 11.822196414798494
v -29.730262410791894 66.27482389838033 -11.225739570850312
v 30.325346348515133 107.01889264395929 11.822196414798494
v -29.295851790243546 107.01889435814448 12.619222760745494
v 29.730258807560308 85.9393100633378 -32.693942528809316
v -29.890919463146417 85.93931898892075 -31.896921739116635
v -29.389938166339746 131.044043205658 5.578470520791825
v 29.730258807560308 85.9393100633378 -32.693942528809316
v -29.389938166339746 131.044043205658 5.578470520791825
v 30.231237348292886 131.04404149147382 4.781455576011428
v 30.885112031085317 158.38515170840716 53.69379662539458
v -28.736072243961914 158.3851534225917 54.49081528863135
v -28.063928726742404 153.6509439496803 104.77009194499097
v 30.885112031085317 158.38515170840716 53.69379662539458
v -28.063928726742404 153.6509439496803 104.77009194499097
v 31.55726493719465 153.65092781269874 103.97308080438907
v -29.295851790243546 107.01889435814448 12.619222760745494
v 30.325346348515133 107.01889264395929 11.822196414798494
v 30.870142222418302 132.41987680996874 52.57550441941447
v -29.295851790243546 107.01889435814448 12.619222760745494
v 30.870142222418302 132.41987680996874 52.57550441941447
v -28.751057226235574 132.419878524154 53.37253240022255
v 30.231237348292886 131.04404149147382 4.781455576011428
v -29.389938166339746 131.044043205658 5.578470520791825
v -28.736072243961914 158.3851534225917 54.49081528863135
v 30.231237348292886 131.04404149147382 4.781455576011428
v -28.736072243961914 158.3851534225917 54.49081528863135
v 30.885112031085317 158.38515170840716 53.69379662539458
v -29.389938166339746 131.044043205658 5.578470520791825
v -29.295851790243546 107.01889435814448 12.619222760745494
v -28.751057226235574 132.419878524154 53.37253240022255
v -29.389938166339746 131.044043205658 5.578470520791825
v -28.751057226235574 132.419878524154 53.37253240022255
v -28.736072243961914 158.3851534225917 54.49081528863135
v 31.48341417132906 128.8420870655464 98.4500067964263
v 31.55726493719465 153.65092781269874 103.97308080438907
v 26.143094378241678 131.71526848223306 145.98163736813964
v 31.48341417132906 128.8420870655464 98.4500067964263
v 26.143094378241678 131.71526848223306 145.98163736813964
v 26.032398051342753 114.53885643059083 137.7016312158939
v -28.736072243961914 158.3851534225917 54.49081528863135
v -28.751057226235574 132.419878524154 53.37253240022255
v -28.137789971769507 128.84210320252868 99.2470310159167
v -28.736072243961914 158.3851534225917 54.49081528863135
v -28.137789971769507 128.84210320252868 99.2470310159167
v -28.063928726742404 153.6509439496803 104.77009194499097
v 30.870142222418302 132.41987680996874 52.57550441941447
v 30.885112031085317 158.38515170840716 53.69379662539458
v 31.55726493719465 153.65092781269874 103.97308080438907
v 30.870142222418302 132.41987680996874 52.57550441941447
v 31.55726493719465 153.65092781269874 103.97308080438907
v 31.48341417132906 128.8420870655464 98.4500067964263
v -28.751057226235574 132.419878524154 53.37253240022255
v 30.870142222418302 132.41987680996874 52.57550441941447
v 31.48341417132906 128.8420870655464 98.4500067964263
v -28.751057226235574 132.419878524154 53.37253240022255
v 31.48341417132906 128.8420870655464 98.4500067964263
v -28.137789971769507 128.84210320252868 99.2470310159167
v -21.63946862073299 114.53885780121767 138.33892087280287
v 26.032398051342753 114.53885643059083 137.7016312158939
v 19.051392724524753 83.90739338355941 173.5329459283748
v -21.63946862073299 114.53885780121767 138.33892087280287
v 19.051392724524753 83.90739338355941 173.5329459283748
v -13.703126091914847 83.90739432529305 173.97080155345574
v -28.137789971769507 128.84210320252868 99.2470310159167
v 31.48341417132906 128.8420870655464 98.4500067964263
v 26.032398051342753 114.53885643059083 137.7016312158939
v -28.137789971769507 128.84210320252868 99.2470310159167
v 26.032398051342753 114.53885643059083 137.7016312158939
v -21.63946862073299 114.53885780121767 138.33892087280287
v 31.55726493719465 153.65092781269874 103.97308080438907
v -28.063928726742404 153.6509439496803 104.77009194499097
v -21.528765963981996 131.7152698528589 146.61889988408137
v 31.55726493719465 153.65092781269874 103.97308080438907
v -21.528765963981996 131.7152698528589 146.61889988408137
v 26.143094378241678 131.71526848223306 145.98163736813964
v -28.063928726742404 153.6509439496803 104.77009194499097
v -28.137789971769507 128.84210320252868 99.2470310159167
v -21.63946862073299 114.53885780121767 138.33892087280287
v -28.063928726742404 153.6509439496803 104.77009194499097
v -21.63946862073299 114.53885780121767 138.33892087280287
v -21.528765963981996 131.7152698528589 146.61889988408137
v 19.127450622690883 95.70901665168336 179.22198749489024
v -13.62706819374872 95.709017593417 179.6598431199712
v -1.6489345246955018 54.21119883098265 215.93502609080275
v 19.127450622690883 95.70901665168336 179.22198749489024
v -1.6489345246955018 54.21119883098265 215.93502609080275
v 8.123272909478448 54.21119855001968 215.80440278309501
v 26.143094378241678 131.71526848223306 145.98163736813964
v -21.528765963981996 131.7152698528589 146.61889988408137
v -13.62706819374872 95.709017593417 179.6598431199712
v 26.143094378241678 131.71526848223306 145.98163736813964
v -13.62706819374872 95.709017593417 179.6598431199712
v 19.127450622690883 95.70901665168336 179.22198749489024
v -21.528765963981996 131.7152698528589 146.61889988408137
v -21.63946862073299 114.53885780121767 138.33892087280287
v -13.703126091914847 83.90739432529305 173.97080155345574
v -21.528765963981996 131.7152698528589 146.61889988408137
v -13.703126091914847 83.90739432529305 173.97080155345574
v -13.62706819374872 95.709017593417 179.6598431199712
v 26.032398051342753 114.53885643059083 137.7016312158939
v 26.143094378241678 131.71526848223306 145.98163736813964
v 19.127450622690883 95.70901665168336 179.22198749489024
v 26.032398051342753 114.53885643059083 137.7016312158939
v 19.127450622690883 95.70901665168336 179.22198749489024
v 19.051392724524753 83.90739338355941 173.5329459283748
v -1.6822313185837103 51.81622661182995 213.44511352520874
v 8.089976115590241 51.816226330866975 213.31449021750103
v 8.123272909478448 54.21119855001968 215.80440278309501
v -1.6822313185837103 51.81622661182995 213.44511352520874
v 8.123272909478448 54.21119855001968 215.80440278309501
v -1.6489345246955018 54.21119883098265 215.93502609080275
v -13.62706819374872 95.709017593417 179.6598431199712
v -13.703126091914847 83.90739432529305 173.97080155345574
v -1.6822313185837103 51.81622661182995 213.44511352520874
v -13.62706819374872 95.709017593417 179.6598431199712
v -1.6822313185837103 51.81622661182995 213.44511352520874
v -1.6489345246955018 54.21119883098265 215.93502609080275
v 19.051392724524753 83.90739338355941 173.5329459283748
v 19.127450622690883 95.70901665168336 179.22198749489024
v 8.123272909478448 54.21119855001968 215.80440278309501
v 19.051392724524753 83.90739338355941 173.5329459283748
v 8.123272909478448 54.21119855001968 215.80440278309501
v 8.089976115590241 51.816226330866975 213.31449021750103
v -13.703126091914847 83.90739432529305 173.97080155345574
v 19.051392724524753 83.90739338355941 173.5329459283748
v 8.089976115590241 51.816226330866975 213.31449021750103
v -13.703126091914847 83.90739432529305 173.97080155345574
v 8.089976115590241 51.816226330866975 213.31449021750103
v -1.6822313185837103 51.81622661182995 213.44511352520874
v -29.687874986090968 16.773343438787354 -16.705906574963524
v -29.687871054413094 -54.71840954348512 -16.70590227436314
v 29.93331584042452 -54.71841125766986 -17.502924207322028
v -29.687874986090968 16.773343438787354 -16.705906574963524
v 29.93331584042452 -54.71841125766986 -17.502924207322028
v 29.93332288009973 16.773336316053467 -17.502927770529627
v 29.93331584042452 -54.71841125766986 -17.502924207322028
v -29.687871054413094 -54.71840954348512 -16.70590227436314
v -29.93331672233193 -54.71841009911711 -35.06750976518675
v 29.93331584042452 -54.71841125766986 -17.502924207322028
v -29.93331672233193 -54.71841009911711 -35.06750976518675
v 29.687866515387924 -54.71841181330174 -35.86453194394318
v 11.492069558788463 -4.699504731308458 -54.796385335538915
v -12.643760245049265 -4.699497280940086 -10.481864208599664
v -9.978907753067542 42.132011364679855 -9.030459372806561
v 11.492069558788463 -4.699504731308458 -54.796385335538915
v -9.978907753067542 42.132011364679855 -9.030459372806561
v 14.156917356325021 42.13200211146189 -53.344984261062976
v 2.788961151374803 -53.10576102847527 -2.0764327623998007
v 2.788957451454369 -4.699499263641513 -2.076430270234514
v -12.643760245049265 -4.699497280940086 -10.481864208599664
v 2.788961151374803 -53.10576102847527 -2.0764327623998007
v -12.643760245049265 -4.699497280940086 -10.481864208599664
v -12.64376205727747 -53.105760848622964 -10.481855010939892
v -12.64376205727747 -53.105760848622964 -10.481855010939892
v -12.643760245049265 -4.699497280940086 -10.481864208599664
v 11.492069558788463 -4.699504731308458 -54.796385335538915
v -12.64376205727747 -53.105760848622964 -10.481855010939892
v 11.492069558788463 -4.699504731308458 -54.796385335538915
v 11.492064498294404 -53.10576289044262 -54.79638410924795
v 11.492064498294404 -53.10576289044262 -54.79638410924795
v 11.492069558788463 -4.699504731308458 -54.796385335538915
v 26.924790692785947 -4.699506714010553 -46.39097011803812
v 11.492064498294404 -53.10576289044262 -54.79638410924795
v 26.924790692785947 -4.699506714010553 -46.39097011803812
v 26.924789016841864 -53.10576307029501 -46.39096349556894
v -9.978907753067542 42.132011364679855 -9.030459372806561
v 7.346874152013612 28.817398807265516 0.5174634044991784
v 27.436409814544717 56.404747719372544 11.347760345005796
v -9.978907753067542 42.132011364679855 -9.030459372806561
v 27.436409814544717 56.404747719372544 11.347760345005796
v 21.518751631384795 72.67191041086949 8.124685510512471
v -12.643760245049265 -4.699497280940086 -10.481864208599664
v 2.788957451454369 -4.699499263641513 -2.076430270234514
v 7.346874152013612 28.817398807265516 0.5174634044991784
v -12.643760245049265 -4.699497280940086 -10.481864208599664
v 7.346874152013612 28.817398807265516 0.5174634044991784
v -9.978907753067542 42.132011364679855 -9.030459372806561
v 26.924790692785947 -4.699506714010553 -46.39097011803812
v 11.492069558788463 -4.699504731308458 -54.796385335538915
v 14.156917356325021 42.13200211146189 -53.344984261062976
v 26.924790692785947 -4.699506714010553 -46.39097011803812
v 14.156917356325021 42.13200211146189 -53.344984261062976
v 31.482706219733913 28.81739135689648 -43.797077383633734
v 2.788957451454369 -4.699499263641513 -2.076430270234514
v 26.924790692785947 -4.699506714010553 -46.39097011803812
v 31.482706219733913 28.81739135689648 -43.797077383633734
v 2.788957451454369 -4.699499263641513 -2.076430270234514
v 31.482706219733913 28.81739135689648 -43.797077383633734
v 7.346874152013612 28.817398807265516 0.5174634044991784
v 51.572238361431346 56.40474567755239 -32.966783264115186
v 45.65458157150659 72.6719083690499 -36.18983819161731
v 86.76486647549261 91.18425289541612 -13.79919203449704
v 51.572238361431346 56.40474567755239 -32.966783264115186
v 86.76486647549261 91.18425289541612 -13.79919203449704
v 85.82494768050464 73.603461934985 -14.311103751970748
v 31.482706219733913 28.81739135689648 -43.797077383633734
v 14.156917356325021 42.13200211146189 -53.344984261062976
v 45.65458157150659 72.6719083690499 -36.18983819161731
v 31.482706219733913 28.81739135689648 -43.797077383633734
v 45.65458157150659 72.6719083690499 -36.18983819161731
v 51.572238361431346 56.40474567755239 -32.966783264115186
v 7.346874152013612 28.817398807265516 0.5174634044991784
v 31.482706219733913 28.81739135689648 -43.797077383633734
v 51.572238361431346 56.40474567755239 -32.966783264115186
v 7.346874152013612 28.817398807265516 0.5174634044991784
v 51.572238361431346 56.40474567755239 -32.966783264115186
v 27.436409814544717 56.404747719372544 11.347760345005796
v 14.156917356325021 42.13200211146189 -53.344984261062976
v -9.978907753067542 42.132011364679855 -9.030459372806561
v 21.518751631384795 72.67191041086949 8.124685510512471
v 14.156917356325021 42.13200211146189 -53.344984261062976
v 21.518751631384795 72.67191041086949 8.124685510512471
v 45.65458157150659 72.6719083690499 -36.18983819161731
v 86.76486647549261 91.18425289541612 -13.79919203449704
v 62.62904071115246 91.18426214863416 30.515333671189907
v 104.88821830878943 87.97877339335709 53.53172072418013
v 86.76486647549261 91.18425289541612 -13.79919203449704
v 104.88821830878943 87.97877339335709 53.53172072418013
v 129.0240648157528 87.97876414013886 9.217207611470435
v 27.436409814544717 56.404747719372544 11.347760345005796
v 51.572238361431346 56.40474567755239 -32.966783264115186
v 85.82494768050464 73.603461934985 -14.311103751970748
v 27.436409814544717 56.404747719372544 11.347760345005796
v 85.82494768050464 73.603461934985 -14.311103751970748
v 61.689118096290855 73.60347118820359 30.00343634163034
v 45.65458157150659 72.6719083690499 -36.18983819161731
v 21.518751631384795 72.67191041086949 8.124685510512471
v 62.62904071115246 91.18426214863416 30.515333671189907
v 45.65458157150659 72.6719083690499 -36.18983819161731
v 62.62904071115246 91.18426214863416 30.515333671189907
v 86.76486647549261 91.18425289541612 -13.79919203449704
v 21.518751631384795 72.67191041086949 8.124685510512471
v 27.436409814544717 56.404747719372544 11.347760345005796
v 61.689118096290855 73.60347118820359 30.00343634163034
v 21.518751631384795 72.67191041086949 8.124685510512471
v 61.689118096290855 73.60347118820359 30.00343634163034
v 62.62904071115246 91.18426214863416 30.515333671189907
v 124.38196847710782 71.18097965944696 6.6889121837925
v 129.0240648157528 87.97876414013886 9.217207611470435
v 161.84599328616682 73.12636952419088 32.85171861083139
v 124.38196847710782 71.18097965944696 6.6889121837925
v 161.84599328616682 73.12636952419088 32.85171861083139
v 154.8867394330477 61.49641024466722 29.061380027116677
v 62.62904071115246 91.18426214863416 30.515333671189907
v 61.689118096290855 73.60347118820359 30.00343634163034
v 100.24614828178427 71.1809889126655 51.00345980002801
v 62.62904071115246 91.18426214863416 30.515333671189907
v 100.24614828178427 71.1809889126655 51.00345980002801
v 104.88821830878943 87.97877339335709 53.53172072418013
v 85.82494768050464 73.603461934985 -14.311103751970748
v 86.76486647549261 91.18425289541612 -13.79919203449704
v 129.0240648157528 87.97876414013886 9.217207611470435
v 85.82494768050464 73.603461934985 -14.311103751970748
v 129.0240648157528 87.97876414013886 9.217207611470435
v 124.38196847710782 71.18097965944696 6.6889121837925
v 61.689118096290855 73.60347118820359 30.00343634163034
v 85.82494768050464 73.603461934985 -14.311103751970748
v 124.38196847710782 71.18097965944696 6.6889121837925
v 61.689118096290855 73.60347118820359 30.00343634163034
v 124.38196847710782 71.18097965944696 6.6889121837925
v 100.24614828178427 71.1809889126655 51.00345980002801
v 135.58823268020194 61.49641908866263 64.4943669179941
v 154.8867394330477 61.49641024466722 29.061380027116677
v 181.89933983249685 40.75618831523697 50.96206585879091
v 135.58823268020194 61.49641908866263 64.4943669179941
v 181.89933983249685 40.75618831523697 50.96206585879091
v 168.6396643730321 40.756193042665544 75.30746059595084
v 100.24614828178427 71.1809889126655 51.00345980002801
v 124.38196847710782 71.18097965944696 6.6889121837925
v 154.8867394330477 61.49641024466722 29.061380027116677
v 100.24614828178427 71.1809889126655 51.00345980002801
v 154.8867394330477 61.49641024466722 29.061380027116677
v 135.58823268020194 61.49641908866263 64.4943669179941
v 129.0240648157528 87.97876414013886 9.217207611470435
v 104.88821830878943 87.97877339335709 53.53172072418013
v 142.54747561491178 73.12637836818584 68.28468064727358
v 129.0240648157528 87.97876414013886 9.217207611470435
v 142.54747561491178 73.12637836818584 68.28468064727358
v 161.84599328616682 73.12636952419088 32.85171861083139
v 104.88821830878943 87.97877339335709 53.53172072418013
v 100.24614828178427 71.1809889126655 51.00345980002801
v 135.58823268020194 61.49641908866263 64.4943669179941
v 104.88821830878943 87.97877339335709 53.53172072418013
v 135.58823268020194 61.49641908866263 64.4943669179941
v 142.54747561491178 73.12637836818584 68.28468064727358
v 186.68091953056094 48.746937006596276 53.56633677459088
v 173.42123861189157 48.746941734024624 77.91171908453316
v 208.69108440759507 20.649226740125567 86.04676269746349
v 186.68091953056094 48.746937006596276 53.56633677459088
v 208.69108440759507 20.649226740125567 86.04676269746349
v 212.6470612578304 20.649225504036394 78.78338737997791
v 161.84599328616682 73.12636952419088 32.85171861083139
v 142.54747561491178 73.12637836818584 68.28468064727358
v 173.42123861189157 48.746941734024624 77.91171908453316
v 161.84599328616682 73.12636952419088 32.85171861083139
v 173.42123861189157 48.746941734024624 77.91171908453316
v 186.68091953056094 48.746937006596276 53.56633677459088
v 142.54747561491178 73.12637836818584 68.28468064727358
v 135.58823268020194 61.49641908866263 64.4943669179941
v 168.6396643730321 40.756193042665544 75.30746059595084
v 142.54747561491178 73.12637836818584 68.28468064727358
v 168.6396643730321 40.756193042665544 75.30746059595084
v 173.42123861189157 48.746941734024624 77.91171908453316
v 154.8867394330477 61.49641024466722 29.061380027116677
v 161.84599328616682 73.12636952419088 32.85171861083139
v 186.68091953056094 48.746937006596276 53.56633677459088
v 154.8867394330477 61.49641024466722 29.061380027116677
v 186.68091953056094 48.746937006596276 53.56633677459088
v 181.89933983249685 40.75618831523697 50.96206585879091
v 206.5983237001005 19.027619417521265 84.90694878906952
v 210.55430317012625 19.02761818143192 77.64357020186178
v 212.6470612578304 20.649225504036394 78.78338737997791
v 206.5983237001005 19.027619417521265 84.90694878906952
v 212.6470612578304 20.649225504036394 78.78338737997791
v 208.69108440759507 20.649226740125567 86.04676269746349
v 173.42123861189157 48.746941734024624 77.91171908453316
v 168.6396643730321 40.756193042665544 75.30746059595084
v 206.5983237001005 19.027619417521265 84.90694878906952
v 173.42123861189157 48.746941734024624 77.91171908453316
v 206.5983237001005 19.027619417521265 84.90694878906952
v 208.69108440759507 20.649226740125567 86.04676269746349
v 181.89933983249685 40.75618831523697 50.96206585879091
v 186.68091953056094 48.746937006596276 53.56633677459088
v 212.6470612578304 20.649225504036394 78.78338737997791
v 181.89933983249685 40.75618831523697 50.96206585879091
v 212.6470612578304 20.649225504036394 78.78338737997791
v 210.55430317012625 19.02761818143192 77.64357020186178
v 168.6396643730321 40.756193042665544 75.30746059595084
v 181.89933983249685 40.75618831523697 50.96206585879091
v 210.55430317012625 19.02761818143192 77.64357020186178
v 168.6396643730321 40.756193042665544 75.30746059595084
v 210.55430317012625 19.02761818143192 77.64357020186178
v 206.5983237001005 19.027619417521265 84.90694878906952
v 2.788957451454369 -4.699499263641513 -2.076430270234514
v 2.788961151374803 -53.10576102847527 -2.0764327623998007
v 26.924789016841864 -53.10576307029501 -46.39096349556894
v 2.788957451454369 -4.699499263641513 -2.076430270234514
v 26.924789016841864 -53.10576307029501 -46.39096349556894
v 26.924790692785947 -4.699506714010553 -46.39097011803812
v 26.924789016841864 -53.10576307029501 -46.39096349556894
v 2.788961151374803 -53.10576102847527 -2.0764327623998007
v -12.64376205727747 -53.105760848622964 -10.481855010939892
v 26.924789016841864 -53.10576307029501 -46.39096349556894
v -12.64376205727747 -53.105760848622964 -10.481855010939892
v 11.492064498294404 -53.10576289044262 -54.79638410924795
v 29.935327421805383 -15.648111249323115 -35.06070469160223
v -29.685669761617078 -15.648105978700428 -35.87128394602834
v -29.728771895157806 22.407172300132466 -32.70070009591098
v 29.935327421805383 -15.648111249323115 -35.06070469160223
v -29.728771895157806 22.407172300132466 -32.70070009591098
v 29.892222941042107 22.407167029509782 -31.89012272214347
v -29.935327178672736 -54.983024617275206 -17.50973046103088
v -29.935332042629526 -15.648101803338761 -17.509733783706064
v -29.685669761617078 -15.648105978700428 -35.87128394602834
v -29.935327178672736 -54.983024617275206 -17.50973046103088
v -29.685669761617078 -15.648105978700428 -35.87128394602834
v -29.685678488803816 -54.98302518693717 -35.87127809102376
v -29.685678488803816 -54.98302518693717 -35.87127809102376
v -29.685669761617078 -15.648105978700428 -35.87128394602834
v 29.935327421805383 -15.648111249323115 -35.06070469160223
v -29.685678488803816 -54.98302518693717 -35.87127809102376
v 29.935327421805383 -15.648111249323115 -35.06070469160223
v 29.935322624304327 -54.98302685186087 -35.06070374118096
v 29.935322624304327 -54.98302685186087 -35.06070374118096
v 29.935327421805383 -15.648111249323115 -35.06070469160223
v 29.685683698949504 -15.648107073962102 -16.69915845067299
v 29.935322624304327 -54.98302685186087 -35.06070374118096
v 29.685683698949504 -15.648107073962102 -16.69915845067299
v 29.685677591553155 -54.983026282199006 -16.699155865390537
v -29.728771895157806 22.407172300132466 -32.70070009591098
v -29.892225668970788 11.587722220018634 -20.680317738740335
v -30.33401787643644 34.00520096934443 11.815305137934697
v -29.728771895157806 22.407172300132466 -32.70070009591098
v -30.33401787643644 34.00520096934443 11.815305137934697
v -30.23826109268864 47.22389249566317 4.77457448262712
v -29.685669761617078 -15.648105978700428 -35.87128394602834
v -29.935332042629526 -15.648101803338761 -17.509733783706064
v -29.892225668970788 11.587722220018634 -20.680317738740335
v -29.685669761617078 -15.648105978700428 -35.87128394602834
v -29.892225668970788 11.587722220018634 -20.680317738740335
v -29.728771895157806 22.407172300132466 -32.70070009591098
v 29.685683698949504 -15.648107073962102 -16.69915845067299
v 29.935327421805383 -15.648111249323115 -35.06070469160223
v 29.892222941042107 22.407167029509782 -31.89012272214347
v 29.685683698949504 -15.648107073962102 -16.69915845067299
v 29.892222941042107 22.407167029509782 -31.89012272214347
v 29.72879007260822 11.587716047970487 -19.869742405707232
v -29.935332042629526 -15.648101803338761 -17.509733783706064
v 29.685683698949504 -15.648107073962102 -16.69915845067299
v 29.72879007260822 11.587716047970487 -19.869742405707232
v -29.935332042629526 -15.648101803338761 -17.509733783706064
v 29.72879007260822 11.587716047970487 -19.869742405707232
v -29.892225668970788 11.587722220018634 -20.680317738740335
v 29.286998273994328 34.00519569872085 12.62587274539667
v 29.382733607227358 47.22388722504058 5.5851544315850035
v 28.717752925126224 62.26703545953832 54.497337631111535
v 29.286998273994328 34.00519569872085 12.62587274539667
v 28.717752925126224 62.26703545953832 54.497337631111535
v 28.732946569948762 47.980880024375296 53.37905311592799
v 29.72879007260822 11.587716047970487 -19.869742405707232
v 29.892222941042107 22.407167029509782 -31.89012272214347
v 29.382733607227358 47.22388722504058 5.5851544315850035
v 29.72879007260822 11.587716047970487 -19.869742405707232
v 29.382733607227358 47.22388722504058 5.5851544315850035
v 29.286998273994328 34.00519569872085 12.62587274539667
v -29.892225668970788 11.587722220018634 -20.680317738740335
v 29.72879007260822 11.587716047970487 -19.869742405707232
v 29.286998273994328 34.00519569872085 12.62587274539667
v -29.892225668970788 11.587722220018634 -20.680317738740335
v 29.286998273994328 34.00519569872085 12.62587274539667
v -30.33401787643644 34.00520096934443 11.815305137934697
v 29.892222941042107 22.407167029509782 -31.89012272214347
v -29.728771895157806 22.407172300132466 -32.70070009591098
v -30.23826109268864 47.22389249566317 4.77457448262712
v 29.892222941042107 22.407167029509782 -31.89012272214347
v -30.23826109268864 47.22389249566317 4.77457448262712
v 29.382733607227358 47.22388722504058 5.5851544315850035
v 28.717752925126224 62.26703545953832 54.497337631111535
v -30.903242183641616 62.26703712446192 53.68676540772488
v -31.586804747199352 59.66225991574446 103.96587245399009
v 28.717752925126224 62.26703545953832 54.497337631111535
v -31.586804747199352 59.66225991574446 103.96587245399009
v 28.034194510877754 59.66225103942268 104.77645873945566
v -30.33401787643644 34.00520096934443 11.815305137934697
v 29.286998273994328 34.00519569872085 12.62587274539667
v 28.732946569948762 47.980880024375296 53.37905311592799
v -30.33401787643644 34.00520096934443 11.815305137934697
v 28.732946569948762 47.980880024375296 53.37905311592799
v -30.888073101315833 47.98088529499889 52.568482687478124
v 29.382733607227358 47.22388722504058 5.5851544315850035
v -30.23826109268864 47.22389249566317 4.77457448262712
v -30.903242183641616 62.26703712446192 53.68676540772488
v 29.382733607227358 47.22388722504058 5.5851544315850035
v -30.903242183641616 62.26703712446192 53.68676540772488
v 28.717752925126224 62.26703545953832 54.497337631111535
v -30.23826109268864 47.22389249566317 4.77457448262712
v -30.33401787643644 34.00520096934443 11.815305137934697
v -30.888073101315833 47.98088529499889 52.568482687478124
v -30.23826109268864 47.22389249566317 4.77457448262712
v -30.888073101315833 47.98088529499889 52.568482687478124
v -30.903242183641616 62.26703712446192 53.68676540772488
v 28.10926187929796 46.01237518483033 99.25340733752319
v 28.034194510877754 59.66225103942268 104.77645873945566
v 21.489510990799268 47.59320551522931 146.62379018273592
v 28.10926187929796 46.01237518483033 99.25340733752319
v 21.489510990799268 47.59320551522931 146.62379018273592
v 21.602069881827827 38.14270359481661 138.34380658677853
v -30.903242183641616 62.26703712446192 53.68676540772488
v -30.888073101315833 47.98088529499889 52.568482687478124
v -31.51175309752152 46.01238045545391 98.44284067039052
v -30.903242183641616 62.26703712446192 53.68676540772488
v -31.51175309752152 46.01238045545391 98.44284067039052
v -31.586804747199352 59.66225991574446 103.96587245399009
v 28.732946569948762 47.980880024375296 53.37905311592799
v 28.717752925126224 62.26703545953832 54.497337631111535
v 28.034194510877754 59.66225103942268 104.77645873945566
v 28.732946569948762 47.980880024375296 53.37905311592799
v 28.034194510877754 59.66225103942268 104.77645873945566
v 28.10926187929796 46.01237518483033 99.25340733752319
v -30.888073101315833 47.98088529499889 52.568482687478124
v 28.732946569948762 47.980880024375296 53.37905311592799
v 28.10926187929796 46.01237518483033 99.25340733752319
v -30.888073101315833 47.98088529499889 52.568482687478124
v 28.10926187929796 46.01237518483033 99.25340733752319
v -31.51175309752152 46.01238045545391 98.44284067039052
v -26.069653402850328 38.142708531754636 137.69569148558585
v 21.602069881827827 38.14270359481661 138.34380658677853
v 13.657633528077927 21.289206914987428 173.9738935937722
v -26.069653402850328 38.142708531754636 137.69569148558585
v 13.657633528077927 21.289206914987428 173.9738935937722
v -19.09680145023784 21.289211435358467 173.5285893843731
v -31.51175309752152 46.01238045545391 98.44284067039052
v 28.10926187929796 46.01237518483033 99.25340733752319
v 21.602069881827827 38.14270359481661 138.34380658677853
v -31.51175309752152 46.01238045545391 98.44284067039052
v 21.602069881827827 38.14270359481661 138.34380658677853
v -26.069653402850328 38.142708531754636 137.69569148558585
v 28.034194510877754 59.66225103942268 104.77645873945566
v -31.586804747199352 59.66225991574446 103.96587245399009
v -26.182191335555856 47.593210452165934 145.97564892376622
v 28.034194510877754 59.66225103942268 104.77645873945566
v -26.182191335555856 47.593210452165934 145.97564892376622
v 21.489510990799268 47.59320551522931 146.62379018273592
v -31.586804747199352 59.66225991574446 103.96587245399009
v -31.51175309752152 46.01238045545391 98.44284067039052
v -26.069653402850328 38.142708531754636 137.69569148558585
v -31.586804747199352 59.66225991574446 103.96587245399009
v -26.069653402850328 38.142708531754636 137.69569148558585
v -26.182191335555856 47.593210452165934 145.97564892376622
v 13.580300663436443 27.782489110875776 179.66291498673488
v -19.17410396766615 27.782490025546142 179.21759214219324
v -8.17826044754014 4.950298186500849 215.8025116891553
v 13.580300663436443 27.782489110875776 179.66291498673488
v -8.17826044754014 4.950298186500849 215.8025116891553
v 1.5939203597424694 4.950297913611429 215.9353662542824
v 21.489510990799268 47.59320551522931 146.62379018273592
v -26.182191335555856 47.593210452165934 145.97564892376622
v -19.17410396766615 27.782490025546142 179.21759214219324
v 21.489510990799268 47.59320551522931 146.62379018273592
v -19.17410396766615 27.782490025546142 179.21759214219324
v 13.580300663436443 27.782489110875776 179.66291498673488
v -26.182191335555856 47.593210452165934 145.97564892376622
v -26.069653402850328 38.142708531754636 137.69569148558585
v -19.09680145023784 21.289211435358467 173.5285893843731
v -26.182191335555856 47.593210452165934 145.97564892376622
v -19.09680145023784 21.289211435358467 173.5285893843731
v -19.17410396766615 27.782490025546142 179.21759214219324
v 21.602069881827827 38.14270359481661 138.34380658677853
v 21.489510990799268 47.59320551522931 146.62379018273592
v 13.580300663436443 27.782489110875776 179.66291498673488
v 21.602069881827827 38.14270359481661 138.34380658677853
v 13.580300663436443 27.782489110875776 179.66291498673488
v 13.657633528077927 21.289206914987428 173.9738935937722
v -8.14442877279312 3.6325808974576823 213.3126106268385
v 1.6277520344894398 3.6325788217186457 213.44546519196572
v 1.5939203597424694 4.950297913611429 215.9353662542824
v -8.14442877279312 3.6325808974576823 213.3126106268385
v 1.5939203597424694 4.950297913611429 215.9353662542824
v -8.17826044754014 4.950298186500849 215.8025116891553
v -19.17410396766615 27.782490025546142 179.21759214219324
v -19.09680145023784 21.289211435358467 173.5285893843731
v -8.14442877279312 3.6325808974576823 213.3126106268385
v -19.17410396766615 27.782490025546142 179.21759214219324
v -8.14442877279312 3.6325808974576823 213.3126106268385
v -8.17826044754014 4.950298186500849 215.8025116891553
v 13.657633528077927 21.289206914987428 173.9738935937722
v 13.580300663436443 27.782489110875776 179.66291498673488
v 1.5939203597424694 4.950297913611429 215.9353662542824
v 13.657633528077927 21.289206914987428 173.9738935937722
v 1.5939203597424694 4.950297913611429 215.9353662542824
v 1.6277520344894398 3.6325788217186457 213.44546519196572
v -19.09680145023784 21.289211435358467 173.5285893843731
v 13.657633528077927 21.289206914987428 173.9738935937722
v 1.6277520344894398 3.6325788217186457 213.44546519196572
v -19.09680145023784 21.289211435358467 173.5285893843731
v 1.6277520344894398 3.6325788217186457 213.44546519196572
v -8.14442877279312 3.6325808974576823 213.3126106268385
v -29.935332042629526 -15.648101803338761 -17.509733783706064
v -29.935327178672736 -54.983024617275206 -17.50973046103088
v 29.685677591553155 -54.983026282199006 -16.699155865390537
v -29.935332042629526 -15.648101803338761 -17.509733783706064
v 29.685677591553155 -54.983026282199006 -16.699155865390537
v 29.685683698949504 -15.648107073962102 -16.69915845067299
v 29.685677591553155 -54.983026282199006 -16.699155865390537
v -29.935327178672736 -54.983024617275206 -17.50973046103088
v -29.685678488803816 -54.98302518693717 -35.87127809102376
v 29.685677591553155 -54.983026282199006 -16.699155865390537
v -29.685678488803816 -54.98302518693717 -35.87127809102376
v 29.935322624304327 -54.98302685186087 -35.06070374118096
v -11.56817220971628 -0.2945624353666574 -12.3617784497295
v -1.0149309846014916 -0.3337129386822255 -55.595971261580644
v 2.288234562203332 61.60995162793652 -62.49224736760572
v -11.56817220971628 -0.2945624353666574 -12.3617784497295
v 2.288234562203332 61.60995162793652 -62.49224736760572
v -11.262482880083702 61.61810957174547 -14.577861515780437
v -11.426548654963455 -57.41414015216526 -54.721097277308886
v -16.952509676587283 -0.33371082661169993 -60.2460916419991
v -1.0149309846014916 -0.3337129386822255 -55.595971261580644
v -11.426548654963455 -57.41414015216526 -54.721097277308886
v -1.0149309846014916 -0.3337129386822255 -55.595971261580644
v -1.8453646691283119 -57.41414033805954 -51.92559253029952
v -1.8453646691283119 -57.41414033805954 -51.92559253029952
v -1.0149309846014916 -0.3337129386822255 -55.595971261580644
v -11.56817220971628 -0.2945624353666574 -12.3617784497295
v -1.8453646691283119 -57.41414033805954 -51.92559253029952
v -11.56817220971628 -0.2945624353666574 -12.3617784497295
v -9.340933634293084 -57.406704345548974 -24.894014616740357
v -9.340933634293084 -57.406704345548974 -24.894014616740357
v -11.56817220971628 -0.2945624353666574 -12.3617784497295
v -27.50575027322644 -0.2945603232958085 -17.011887589057185
v -9.340933634293084 -57.406704345548974 -24.894014616740357
v -27.50575027322644 -0.2945603232958085 -17.011887589057185
v -18.92211592785327 -57.40670415965465 -27.68951666566059
v 2.288234562203332 61.60995162793652 -62.49224736760572
v -18.279778703404283 44.948158297742495 -66.6764232058195
v -37.95216117022806 79.45590287268126 -75.02126867760836
v 2.288234562203332 61.60995162793652 -62.49224736760572
v -37.95216117022806 79.45590287268126 -75.02126867760836
v -31.483422250052215 99.78506585389573 -73.1338598954022
v -1.0149309846014916 -0.3337129386822255 -55.595971261580644
v -16.952509676587283 -0.33371082661169993 -60.2460916419991
v -18.279778703404283 44.948158297742495 -66.6764232058195
v -1.0149309846014916 -0.3337129386822255 -55.595971261580644
v -18.279778703404283 44.948158297742495 -66.6764232058195
v 2.288234562203332 61.60995162793652 -62.49224736760572
v -27.50575027322644 -0.2945603232958085 -17.011887589057185
v -11.56817220971628 -0.2945624353666574 -12.3617784497295
v -11.262482880083702 61.61810957174547 -14.577861515780437
v -27.50575027322644 -0.2945603232958085 -17.011887589057185
v -11.262482880083702 61.61810957174547 -14.577861515780437
v -31.013277779716567 44.96774445951685 -19.50061381815643
v -16.952509676587283 -0.33371082661169993 -60.2460916419991
v -27.50575027322644 -0.2945603232958085 -17.011887589057185
v -31.013277779716567 44.96774445951685 -19.50061381815643
v -16.952509676587283 -0.33371082661169993 -60.2460916419991
v -31.013277779716567 44.96774445951685 -19.50061381815643
v -18.279778703404283 44.948158297742495 -66.6764232058195
v -52.085819630045066 79.45590836316256 -26.580003895503463
v -45.6170882437285 99.78507495007591 -24.692614571554383
v -90.55570076078418 122.92007869859533 -37.80432174007284
v -52.085819630045066 79.45590836316256 -26.580003895503463
v -90.55570076078418 122.92007869859533 -37.80432174007284
v -89.52826094763813 100.94925512859685 -37.50456284163724
v -31.013277779716567 44.96774445951685 -19.50061381815643
v -11.262482880083702 61.61810957174547 -14.577861515780437
v -45.6170882437285 99.78507495007591 -24.692614571554383
v -31.013277779716567 44.96774445951685 -19.50061381815643
v -45.6170882437285 99.78507495007591 -24.692614571554383
v -52.085819630045066 79.45590836316256 -26.580003895503463
v -18.279778703404283 44.948158297742495 -66.6764232058195
v -31.013277779716567 44.96774445951685 -19.50061381815643
v -52.085819630045066 79.45590836316256 -26.580003895503463
v -18.279778703404283 44.948158297742495 -66.6764232058195
v -52.085819630045066 79.45590836316256 -26.580003895503463
v -37.95216117022806 79.45590287268126 -75.02126867760836
v -11.262482880083702 61.61810957174547 -14.577861515780437
v 2.288234562203332 61.60995162793652 -62.49224736760572
v -31.483422250052215 99.78506585389573 -73.1338598954022
v -11.262482880083702 61.61810957174547 -14.577861515780437
v -31.483422250052215 99.78506585389573 -73.1338598954022
v -45.6170882437285 99.78507495007591 -24.692614571554383
v -90.55570076078418 122.92007869859533 -37.80432174007284
v -76.42203738689825 122.92006960241532 -86.24556379419852
v -122.61654287627934 118.91416027194815 -99.723699353346
v -90.55570076078418 122.92007869859533 -37.80432174007284
v -122.61654287627934 118.91416027194815 -99.723699353346
v -136.75020756006066 118.91416215672974 -51.282455664359034
v -37.95216117022806 79.45590287268126 -75.02126867760836
v -52.085819630045066 79.45590836316256 -26.580003895503463
v -89.52826094763813 100.94925512859685 -37.50456284163724
v -37.95216117022806 79.45590287268126 -75.02126867760836
v -89.52826094763813 100.94925512859685 -37.50456284163724
v -75.39460172306168 100.94924603241654 -85.94581895784161
v -45.6170882437285 99.78507495007591 -24.692614571554383
v -31.483422250052215 99.78506585389573 -73.1338598954022
v -76.42203738689825 122.92006960241532 -86.24556379419852
v -45.6170882437285 99.78507495007591 -24.692614571554383
v -76.42203738689825 122.92006960241532 -86.24556379419852
v -90.55570076078418 122.92007869859533 -37.80432174007284
v -31.483422250052215 99.78506585389573 -73.1338598954022
v -37.95216117022806 79.45590287268126 -75.02126867760836
v -75.39460172306168 100.94924603241654 -85.94581895784161
v -31.483422250052215 99.78506585389573 -73.1338598954022
v -75.39460172306168 100.94924603241654 -85.94581895784161
v -76.42203738689825 122.92006960241532 -86.24556379419852
v -131.67584095879894 97.92186759205319 -49.801925253088385
v -136.75020756006066 118.91416215672974 -51.282455664359034
v -173.8561898039721 100.35303259902017 -67.37640382268776
v -131.67584095879894 97.92186759205319 -49.801925253088385
v -173.8561898039721 100.35303259902017 -67.37640382268776
v -166.24887594519979 85.81900686207159 -65.15683416539575
v -76.42203738689825 122.92006960241532 -86.24556379419852
v -75.39460172306168 100.94924603241654 -85.94581895784161
v -117.5421898132173 97.92186570727132 -98.24319052678848
v -76.42203738689825 122.92006960241532 -86.24556379419852
v -117.5421898132173 97.92186570727132 -98.24319052678848
v -122.61654287627934 118.91416027194815 -99.723699353346
v -89.52826094763813 100.94925512859685 -37.50456284163724
v -90.55570076078418 122.92007869859533 -37.80432174007284
v -136.75020756006066 118.91416215672974 -51.282455664359034
v -89.52826094763813 100.94925512859685 -37.50456284163724
v -136.75020756006066 118.91416215672974 -51.282455664359034
v -131.67584095879894 97.92186759205319 -49.801925253088385
v -75.39460172306168 100.94924603241654 -85.94581895784161
v -89.52826094763813 100.94925512859685 -37.50456284163724
v -131.67584095879894 97.92186759205319 -49.801925253088385
v -75.39460172306168 100.94924603241654 -85.94581895784161
v -131.67584095879894 97.92186759205319 -49.801925253088385
v -117.5421898132173 97.92186570727132 -98.24319052678848
v -154.94789425930927 85.81900535503911 -103.88945774122871
v -166.24887594519979 85.81900686207159 -65.15683416539575
v -197.30943724324382 59.899831263472855 -80.79528649366884
v -154.94789425930927 85.81900535503911 -103.88945774122871
v -197.30943724324382 59.899831263472855 -80.79528649366884
v -189.5447228914209 59.89982662231752 -107.40780183209763
v -117.5421898132173 97.92186570727132 -98.24319052678848
v -131.67584095879894 97.92186759205319 -49.801925253088385
v -166.24887594519979 85.81900686207159 -65.15683416539575
v -117.5421898132173 97.92186570727132 -98.24319052678848
v -166.24887594519979 85.81900686207159 -65.15683416539575
v -154.94789425930927 85.81900535503911 -103.88945774122871
v -136.75020756006066 118.91416215672974 -51.282455664359034
v -122.61654287627934 118.91416027194815 -99.723699353346
v -162.55520396877208 100.35303109198802 -106.10901333644203
v -136.75020756006066 118.91416215672974 -51.282455664359034
v -162.55520396877208 100.35303109198802 -106.10901333644203
v -173.8561898039721 100.35303259902017 -67.37640382268776
v -122.61654287627934 118.91416027194815 -99.723699353346
v -117.5421898132173 97.92186570727132 -98.24319052678848
v -154.94789425930927 85.81900535503911 -103.88945774122871
v -122.61654287627934 118.91416027194815 -99.723699353346
v -154.94789425930927 85.81900535503911 -103.88945774122871
v -162.55520396877208 100.35303109198802 -106.10901333644203
v -202.53628515787085 69.88591638283242 -82.32030239885444
v -194.77157080604795 69.88591174167709 -108.93281773728323
v -230.9649094503415 34.772037818251256 -109.36176087353437
v -202.53628515787085 69.88591638283242 -82.32030239885444
v -230.9649094503415 34.772037818251256 -109.36176087353437
v -233.2814896454862 34.7720390286012 -101.42200041927973
v -173.8561898039721 100.35303259902017 -67.37640382268776
v -162.55520396877208 100.35303109198802 -106.10901333644203
v -194.77157080604795 69.88591174167709 -108.93281773728323
v -173.8561898039721 100.35303259902017 -67.37640382268776
v -194.77157080604795 69.88591174167709 -108.93281773728323
v -202.53628515787085 69.88591638283242 -82.32030239885444
v -162.55520396877208 100.35303109198802 -106.10901333644203
v -154.94789425930927 85.81900535503911 -103.88945774122871
v -189.5447228914209 59.89982662231752 -107.40780183209763
v -162.55520396877208 100.35303109198802 -106.10901333644203
v -189.5447228914209 59.89982662231752 -107.40780183209763
v -194.77157080604795 69.88591174167709 -108.93281773728323
v -166.24887594519979 85.81900686207159 -65.15683416539575
v -173.8561898039721 100.35303259902017 -67.37640382268776
v -202.53628515787085 69.88591638283242 -82.32030239885444
v -166.24887594519979 85.81900686207159 -65.15683416539575
v -202.53628515787085 69.88591638283242 -82.32030239885444
v -197.30943724324382 59.899831263472855 -80.79528649366884
v -228.6772821504832 32.74550499313709 -108.69431472141721
v -230.99384356784742 32.74550620348696 -100.75453922189368
v -233.2814896454862 34.7720390286012 -101.42200041927973
v -228.6772821504832 32.74550499313709 -108.69431472141721
v -233.2814896454862 34.7720390286012 -101.42200041927973
v -230.9649094503415 34.772037818251256 -109.36176087353437
v -194.77157080604795 69.88591174167709 -108.93281773728323
v -189.5447228914209 59.89982662231752 -107.40780183209763
v -228.6772821504832 32.74550499313709 -108.69431472141721
v -194.77157080604795 69.88591174167709 -108.93281773728323
v -228.6772821504832 32.74550499313709 -108.69431472141721
v -230.9649094503415 34.772037818251256 -109.36176087353437
v -197.30943724324382 59.899831263472855 -80.79528649366884
v -202.53628515787085 69.88591638283242 -82.32030239885444
v -233.2814896454862 34.7720390286012 -101.42200041927973
v -197.30943724324382 59.899831263472855 -80.79528649366884
v -233.2814896454862 34.7720390286012 -101.42200041927973
v -230.99384356784742 32.74550620348696 -100.75453922189368
v -189.5447228914209 59.89982662231752 -107.40780183209763
v -197.30943724324382 59.899831263472855 -80.79528649366884
v -230.99384356784742 32.74550620348696 -100.75453922189368
v -189.5447228914209 59.89982662231752 -107.40780183209763
v -230.99384356784742 32.74550620348696 -100.75453922189368
v -228.6772821504832 32.74550499313709 -108.69431472141721
v -16.952509676587283 -0.33371082661169993 -60.2460916419991
v -11.426548654963455 -57.41414015216526 -54.721097277308886
v -18.92211592785327 -57.40670415965465 -27.68951666566059
v -16.952509676587283 -0.33371082661169993 -60.2460916419991
v -18.92211592785327 -57.40670415965465 -27.68951666566059
v -27.50575027322644 -0.2945603232958085 -17.011887589057185
v -18.92211592785327 -57.40670415965465 -27.68951666566059
v -11.426548654963455 -57.41414015216526 -54.721097277308886
v -1.8453646691283119 -57.41414033805954 -51.92559253029952
v -18.92211592785327 -57.40670415965465 -27.68951666566059
v -1.8453646691283119 -57.41414033805954 -51.92559253029952
v -9.340933634293084 -57.406704345548974 -24.894014616740357
vn -0.6244401930260122 0.05177902468115393 0.7793544623191077
vn -0.6244401930260122 0.05177902468115393 0.7793544623191077
vn -0.6244401930260122 0.05177902468115393 0.7793544623191077
vn -0.6244401930260122 0.05177902468115393 0.7793544623191077
vn -0.6244401930260122 0.05177902468115393 0.7793544623191077
vn -0.6244401930260122 0.05177902468115393 0.7793544623191077
vn 0.7804006172333894 3.250647516907169e-8 0.6252798386496593
vn 0.7804006172333894 3.250647516907169e-8 0.6252798386496593
vn 0.7804006172333894 3.250647516907169e-8 0.6252798386496593
vn 0.7804006172333894 3.250647516907169e-8 0.6252798386496593
vn 0.7804006172333894 3.250647516907169e-8 0.6252798386496593
vn 0.7804006172333894 3.250647516907169e-8 0.6252798386496593
vn -0.6252789455940402 4.186073380973385e-8 0.7804013327748764
vn -0.6252789455940402 4.186073380973385e-8 0.7804013327748764
vn -0.6252789455940402 4.186073380973385e-8 0.7804013327748764
vn -0.6252789455940402 4.186073380973385e-8 0.7804013327748764
vn -0.6252789455940402 4.186073380973385e-8 0.7804013327748764
vn -0.6252789455940402 4.186073380973385e-8 0.7804013327748764
vn -0.7804009560449542 -6.862264837873597e-8 -0.6252794157847487
vn -0.7804009560449542 -6.862264837873597e-8 -0.6252794157847487
vn -0.7804009560449542 -6.862264837873597e-8 -0.6252794157847487
vn -0.7804009560449542 -6.862264837873597e-8 -0.6252794157847487
vn -0.7804009560449542 -6.862264837873597e-8 -0.6252794157847487
vn -0.7804009560449542 -6.862264837873597e-8 -0.6252794157847487
vn 0.6836214720677037 -0.2094192936036083 0.6991460808690495
vn 0.6836214720677037 -0.2094192936036083 0.6991460808690495
vn 0.6836214720677037 -0.2094192936036083 0.6991460808690495
vn 0.6836214720677037 -0.2094192936036083 0.6991460808690495
vn 0.6836214720677037 -0.2094192936036083 0.6991460808690495
vn 0.6836214720677037 -0.2094192936036083 0.6991460808690495
vn 0.7785549929174549 -0.0007316551962897851 0.6275759616843012
vn 0.7785549929174549 -0.0007316551962897851 0.6275759616843012
vn 0.7785549929174549 -0.0007316551962897851 0.6275759616843012
vn 0.7785549929174549 -0.0007316551962897851 0.6275759616843012
vn 0.7785549929174549 -0.0007316551962897851 0.6275759616843012
vn 0.7785549929174549 -0.0007316551962897851 0.6275759616843012
vn -0.7785557364604 0.0007317227326465261 -0.6275750391837193
vn -0.7785557364604 0.0007317227326465261 -0.6275750391837193
vn -0.7785557364604 0.0007317227326465261 -0.6275750391837193
vn -0.7785557364604 0.0007317227326465261 -0.6275750391837193
vn -0.7785557364604 0.0007317227326465261 -0.6275750391837193
vn -0.7785557364604 0.0007317227326465261 -0.6275750391837193
vn 0.6204365576620339 -0.12421253578308358 -0.7743576201412509
vn 0.6204365576620339 -0.12421253578308358 -0.7743576201412509
vn 0.6204365576620339 -0.12421253578308358 -0.7743576201412509
vn 0.6204365576620339 -0.12421253578308358 -0.7743576201412509
vn 0.6204365576620339 -0.12421253578308358 -0.7743576201412509
vn 0.6204365576620339 -0.12421253578308358 -0.7743576201412509
vn -0.7822692826804261 0.04990284718997017 -0.6209383827860748
vn -0.7822692826804261 0.04990284718997017 -0.6209383827860748
vn -0.7822692826804261 0.04990284718997017 -0.6209383827860748
vn -0.7822692826804261 0.04990284718997017 -0.6209383827860748
vn -0.7822692826804261 0.04990284718997017 -0.6209383827860748
vn -0.7822692826804261 0.04990284718997017 -0.6209383827860748
vn -0.7762852934892341 0.06706814639566637 -0.6268038025182867
vn -0.7762852934892341 0.06706814639566637 -0.6268038025182867
vn -0.7762852934892341 0.06706814639566637 -0.6268038025182867
vn -0.7762852934892341 0.06706814639566637 -0.6268038025182867
vn -0.7762852934892341 0.06706814639566637 -0.6268038025182867
vn -0.7762852934892341 0.06706814639566637 -0.6268038025182867
vn 0.5442589273442929 -0.492299245503912 -0.6792817330698057
vn 0.5442589273442929 -0.492299245503912 -0.6792817330698057
vn 0.5442589273442929 -0.492299245503912 -0.6792817330698057
vn 0.5442589273442929 -0.492299245503912 -0.6792817330698057
vn 0.5442589273442929 -0.492299245503912 -0.6792817330698057
vn 0.5442589273442929 -0.492299245503912 -0.6792817330698057
vn -0.5306147745610547 0.5290269020122372 0.6622525937773711
vn -0.5306147745610547 0.5290269020122372 0.6622525937773711
vn -0.5306147745610547 0.5290269020122372 0.6622525937773711
vn -0.5306147745610547 0.5290269020122372 0.6622525937773711
vn -0.5306147745610547 0.5290269020122372 0.6622525937773711
vn -0.5306147745610547 0.5290269020122372 0.6622525937773711
vn 0.05187343443350018 0.9965528344424747 -0.06474252825418024
vn 0.05187343443350018 0.9965528344424747 -0.06474252825418024
vn 0.05187343443350018 0.9965528344424747 -0.06474252825418024
vn 0.05187343443350018 0.9965528344424747 -0.06474252825418024
vn 0.05187343443350018 0.9965528344424747 -0.06474252825418024
vn 0.05187343443350018 0.9965528344424747 -0.06474252825418024
vn 0.3852581486262424 -0.7876380106355079 -0.48083523489779684
vn 0.3852581486262424 -0.7876380106355079 -0.48083523489779684
vn 0.3852581486262424 -0.7876380106355079 -0.48083523489779684
vn 0.3852581486262424 -0.7876380106355079 -0.48083523489779684
vn 0.3852581486262424 -0.7876380106355079 -0.48083523489779684
vn 0.3852581486262424 -0.7876380106355079 -0.48083523489779684
vn -0.3522144322440603 0.8262581551975551 0.4395935107443319
vn -0.3522144322440603 0.8262581551975551 0.4395935107443319
vn -0.3522144322440603 0.8262581551975551 0.4395935107443319
vn -0.3522144322440603 0.8262581551975551 0.4395935107443319
vn -0.3522144322440603 0.8262581551975551 0.4395935107443319
vn -0.3522144322440603 0.8262581551975551 0.4395935107443319
vn 0.7170068741489917 -0.12196749321741288 0.6863126641854662
vn 0.7170068741489917 -0.12196749321741288 0.6863126641854662
vn 0.7170068741489917 -0.12196749321741288 0.6863126641854662
vn 0.7170068741489917 -0.12196749321741288 0.6863126641854662
vn 0.7170068741489917 -0.12196749321741288 0.6863126641854662
vn 0.7170068741489917 -0.12196749321741288 0.6863126641854662
vn -0.7042110440194045 -0.04193849651566383 -0.7087509915274237
vn -0.7042110440194045 -0.04193849651566383 -0.7087509915274237
vn -0.7042110440194045 -0.04193849651566383 -0.7087509915274237
vn -0.7042110440194045 -0.04193849651566383 -0.7087509915274237
vn -0.7042110440194045 -0.04193849651566383 -0.7087509915274237
vn -0.7042110440194045 -0.04193849651566383 -0.7087509915274237
vn 0.7801332349574109 -0.0007329016393322039 0.6256129782621778
vn 0.7801332349574109 -0.0007329016393322039 0.6256129782621778
vn 0.7801332349574109 -0.0007329016393322039 0.6256129782621778
vn 0.7801332349574109 -0.0007329016393322039 0.6256129782621778
vn 0.7801332349574109 -0.0007329016393322039 0.6256129782621778
vn 0.7801332349574109 -0.0007329016393322039 0.6256129782621778
vn -0.7806693564988818 -0.000735670848141614 -0.6249438491672874
vn -0.7806693564988818 -0.000735670848141614 -0.6249438491672874
vn -0.7806693564988818 -0.000735670848141614 -0.6249438491672874
vn -0.7806693564988818 -0.000735670848141614 -0.6249438491672874
vn -0.7806693564988818 -0.000735670848141614 -0.6249438491672874
vn -0.7806693564988818 -0.000735670848141614 -0.6249438491672874
vn -0.040963218024772284 -0.9978517870081991 0.05112558981174391
vn -0.040963218024772284 -0.9978517870081991 0.05112558981174391
vn -0.040963218024772284 -0.9978517870081991 0.05112558981174391
vn -0.040963218024772284 -0.9978517870081991 0.05112558981174391
vn -0.040963218024772284 -0.9978517870081991 0.05112558981174391
vn -0.040963218024772284 -0.9978517870081991 0.05112558981174391
vn -0.3776904424316116 -0.7969576327987873 0.4713899248176256
vn -0.3776904424316116 -0.7969576327987873 0.4713899248176256
vn -0.3776904424316116 -0.7969576327987873 0.4713899248176256
vn -0.3776904424316116 -0.7969576327987873 0.4713899248176256
vn -0.3776904424316116 -0.7969576327987873 0.4713899248176256
vn -0.3776904424316116 -0.7969576327987873 0.4713899248176256
vn -0.19209648028563434 -0.9516393922822057 0.23975280878151387
vn -0.19209648028563434 -0.9516393922822057 0.23975280878151387
vn -0.19209648028563434 -0.9516393922822057 0.23975280878151387
vn -0.19209648028563434 -0.9516393922822057 0.23975280878151387
vn -0.19209648028563434 -0.9516393922822057 0.23975280878151387
vn -0.19209648028563434 -0.9516393922822057 0.23975280878151387
vn 0.2624977928397761 0.907612463970509 -0.3276194804947155
vn 0.2624977928397761 0.907612463970509 -0.3276194804947155
vn 0.2624977928397761 0.907612463970509 -0.3276194804947155
vn 0.2624977928397761 0.907612463970509 -0.3276194804947155
vn 0.2624977928397761 0.907612463970509 -0.3276194804947155
vn 0.2624977928397761 0.907612463970509 -0.3276194804947155
vn 0.8452517746978347 -0.041936680899150425 0.5327201443209406
vn 0.8452517746978347 -0.041936680899150425 0.5327201443209406
vn 0.8452517746978347 -0.041936680899150425 0.5327201443209406
vn 0.8452517746978347 -0.041936680899150425 0.5327201443209406
vn 0.8452517746978347 -0.041936680899150425 0.5327201443209406
vn 0.8452517746978347 -0.041936680899150425 0.5327201443209406
vn 0.4437099522527184 0.7045856449643435 -0.553787456685388
vn 0.4437099522527184 0.7045856449643435 -0.553787456685388
vn 0.4437099522527184 0.7045856449643435 -0.553787456685388
vn 0.4437099522527184 0.7045856449643435 -0.553787456685388
vn 0.4437099522527184 0.7045856449643435 -0.553787456685388
vn 0.4437099522527184 0.7045856449643435 -0.553787456685388
vn 0.4331593357850045 0.7211821779400075 -0.5406193263693049
vn 0.4331593357850045 0.7211821779400075 -0.5406193263693049
vn 0.4331593357850045 0.7211821779400075 -0.5406193263693049
vn 0.4331593357850045 0.7211821779400075 -0.5406193263693049
vn 0.4331593357850045 0.7211821779400075 -0.5406193263693049
vn 0.4331593357850045 0.7211821779400075 -0.5406193263693049
vn 0.852690026393246 -0.07044141566903776 0.5176463327871911
vn 0.852690026393246 -0.07044141566903776 0.5176463327871911
vn 0.852690026393246 -0.07044141566903776 0.5176463327871911
vn 0.852690026393246 -0.07044141566903776 0.5176463327871911
vn 0.852690026393246 -0.07044141566903776 0.5176463327871911
vn 0.852690026393246 -0.07044141566903776 0.5176463327871911
vn -0.6911222773076399 -0.0704432273012108 -0.7192967048002457
vn -0.6911222773076399 -0.0704432273012108 -0.7192967048002457
vn -0.6911222773076399 -0.0704432273012108 -0.7192967048002457
vn -0.6911222773076399 -0.0704432273012108 -0.7192967048002457
vn -0.6911222773076399 -0.0704432273012108 -0.7192967048002457
vn -0.6911222773076399 -0.0704432273012108 -0.7192967048002457
vn 0.40507249957872493 -0.7617875175709095 -0.5055650780643328
vn 0.40507249957872493 -0.7617875175709095 -0.5055650780643328
vn 0.40507249957872493 -0.7617875175709095 -0.5055650780643328
vn 0.40507249957872493 -0.7617875175709095 -0.5055650780643328
vn 0.40507249957872493 -0.7617875175709095 -0.5055650780643328
vn 0.40507249957872493 -0.7617875175709095 -0.5055650780643328
vn 0.8696372171644651 -0.10953085372697426 0.48138768430890017
vn 0.8696372171644651 -0.10953085372697426 0.48138768430890017
vn 0.8696372171644651 -0.10953085372697426 0.48138768430890017
vn 0.8696372171644651 -0.10953085372697426 0.48138768430890017
vn 0.8696372171644651 -0.10953085372697426 0.48138768430890017
vn 0.8696372171644651 -0.10953085372697426 0.48138768430890017
vn -0.6594314292296434 -0.10953236269770895 -0.7437424632666924
vn -0.6594314292296434 -0.10953236269770895 -0.7437424632666924
vn -0.6594314292296434 -0.10953236269770895 -0.7437424632666924
vn -0.6594314292296434 -0.10953236269770895 -0.7437424632666924
vn -0.6594314292296434 -0.10953236269770895 -0.7437424632666924
vn -0.6594314292296434 -0.10953236269770895 -0.7437424632666924
vn -0.36400309098399186 -0.8130848374892863 0.4543069411742689
vn -0.36400309098399186 -0.8130848374892863 0.4543069411742689
vn -0.36400309098399186 -0.8130848374892863 0.4543069411742689
vn -0.36400309098399186 -0.8130848374892863 0.4543069411742689
vn -0.36400309098399186 -0.8130848374892863 0.4543069411742689
vn -0.36400309098399186 -0.8130848374892863 0.4543069411742689
vn 0.625278933826905 3.154767795905504e-8 -0.780401342203028
vn 0.625278933826905 3.154767795905504e-8 -0.780401342203028
vn 0.625278933826905 3.154767795905504e-8 -0.780401342203028
vn 0.625278933826905 3.154767795905504e-8 -0.780401342203028
vn 0.625278933826905 3.154767795905504e-8 -0.780401342203028
vn 0.625278933826905 3.154767795905504e-8 -0.780401342203028
vn -8.079340221675522e-8 -0.9999999999999967 -1.1386366273199293e-8
vn -8.079340221675522e-8 -0.9999999999999967 -1.1386366273199293e-8
vn -8.079340221675522e-8 -0.9999999999999967 -1.1386366273199293e-8
vn -8.079340221675522e-8 -0.9999999999999967 -1.1386366273199293e-8
vn -8.079340221675522e-8 -0.9999999999999967 -1.1386366273199293e-8
vn -8.079340221675522e-8 -0.9999999999999967 -1.1386366273199293e-8
vn -2.2061741077744202e-7 0.08303523963483449 0.9965466115434526
vn -2.2061741077744202e-7 0.08303523963483449 0.9965466115434526
vn -2.2061741077744202e-7 0.08303523963483449 0.9965466115434526
vn -2.2061741077744202e-7 0.08303523963483449 0.9965466115434526
vn -2.2061741077744202e-7 0.08303523963483449 0.9965466115434526
vn -2.2061741077744202e-7 0.08303523963483449 0.9965466115434526
vn 0.9999999999990772 -6.7316364089514676e-9 0.0000013585853119265352
vn 0.9999999999990772 -6.7316364089514676e-9 0.0000013585853119265352
vn 0.9999999999990772 -6.7316364089514676e-9 0.0000013585853119265352
vn 0.9999999999990772 -6.7316364089514676e-9 0.0000013585853119265352
vn 0.9999999999990772 -6.7316364089514676e-9 0.0000013585853119265352
vn 0.9999999999990772 -6.7316364089514676e-9 0.0000013585853119265352
vn -3.3160830496251104e-7 -3.886845065473802e-8 0.9999999999999444
vn -3.3160830496251104e-7 -3.886845065473802e-8 0.9999999999999444
vn -3.3160830496251104e-7 -3.886845065473802e-8 0.9999999999999444
vn -3.3160830496251104e-7 -3.886845065473802e-8 0.9999999999999444
vn -3.3160830496251104e-7 -3.886845065473802e-8 0.9999999999999444
vn -3.3160830496251104e-7 -3.886845065473802e-8 0.9999999999999444
vn -0.9999999999996684 -7.269906386574676e-8 -8.112100954309498e-7
vn -0.9999999999996684 -7.269906386574676e-8 -8.112100954309498e-7
vn -0.9999999999996684 -7.269906386574676e-8 -8.112100954309498e-7
vn -0.9999999999996684 -7.269906386574676e-8 -8.112100954309498e-7
vn -0.9999999999996684 -7.269906386574676e-8 -8.112100954309498e-7
vn -0.9999999999996684 -7.269906386574676e-8 -8.112100954309498e-7
vn 0.9999999999977898 0.0000016901840138520328 0.0000012503668293621724
vn 0.9999999999977898 0.0000016901840138520328 0.0000012503668293621724
vn 0.9999999999977898 0.0000016901840138520328 0.0000012503668293621724
vn 0.9999999999977898 0.0000016901840138520328 0.0000012503668293621724
vn 0.9999999999977898 0.0000016901840138520328 0.0000012503668293621724
vn 0.9999999999977898 0.0000016901840138520328 0.0000012503668293621724
vn 0.9999999999990772 -6.7316364089514676e-9 0.0000013585853119265352
vn 0.9999999999990772 -6.7316364089514676e-9 0.0000013585853119265352
vn 0.9999999999977898 0.0000016901840138520328 0.0000012503668293621724
vn 0.9999999999990772 -6.7316364089514676e-9 0.0000013585853119265352
vn 0.9999999999977898 0.0000016901840138520328 0.0000012503668293621724
vn 0.9999999999977898 0.0000016901840138520328 0.0000012503668293621724
vn -0.9999999999996684 -7.269906386574676e-8 -8.112100954309498e-7
vn -0.9999999999996684 -7.269906386574676e-8 -8.112100954309498e-7
vn -0.9999999999996252 2.8991603422838508e-8 -8.653192801045223e-7
vn -0.9999999999996684 -7.269906386574676e-8 -8.112100954309498e-7
vn -0.9999999999996252 2.8991603422838508e-8 -8.653192801045223e-7
vn -0.9999999999996252 2.8991603422838508e-8 -8.653192801045223e-7
vn 2.4268037208664806e-7 0.11564189140186003 -0.9932909709410137
vn 2.4268037208664806e-7 0.11564189140186003 -0.9932909709410137
vn 2.4268037208664806e-7 0.11564189140186003 -0.9932909709410137
vn 2.4268037208664806e-7 0.11564189140186003 -0.9932909709410137
vn 2.4268037208664806e-7 0.11564189140186003 -0.9932909709410137
vn 2.4268037208664806e-7 0.11564189140186003 -0.9932909709410137
vn -0.9999999999993557 -0.0000010878805612030858 -3.242276415723379e-7
vn -0.9999999999993557 -0.0000010878805612030858 -3.242276415723379e-7
vn -0.9999999999993557 -0.0000010878805612030858 -3.242276415723379e-7
vn -0.9999999999993557 -0.0000010878805612030858 -3.242276415723379e-7
vn -0.9999999999993557 -0.0000010878805612030858 -3.242276415723379e-7
vn -0.9999999999993557 -0.0000010878805612030858 -3.242276415723379e-7
vn -0.9999999999996252 2.8991603422838508e-8 -8.653192801045223e-7
vn -0.9999999999996252 2.8991603422838508e-8 -8.653192801045223e-7
vn -0.9999999999993557 -0.0000010878805612030858 -3.242276415723379e-7
vn -0.9999999999996252 2.8991603422838508e-8 -8.653192801045223e-7
vn -0.9999999999993557 -0.0000010878805612030858 -3.242276415723379e-7
vn -0.9999999999993557 -0.0000010878805612030858 -3.242276415723379e-7
vn -1.4491745922752635e-8 -0.8231579723054743 -0.5678124273296067
vn -1.4491745922752635e-8 -0.8231579723054743 -0.5678124273296067
vn -1.4491745922752635e-8 -0.8231579723054743 -0.5678124273296067
vn -1.4491745922752635e-8 -0.8231579723054743 -0.5678124273296067
vn -1.4491745922752635e-8 -0.8231579723054743 -0.5678124273296067
vn -1.4491745922752635e-8 -0.8231579723054743 -0.5678124273296067
vn -5.4657842146866707e-8 0.8337826983754923 0.5520927565995407
vn -5.4657842146866707e-8 0.8337826983754923 0.5520927565995407
vn -5.4657842146866707e-8 0.8337826983754923 0.5520927565995407
vn -5.4657842146866707e-8 0.8337826983754923 0.5520927565995407
vn -5.4657842146866707e-8 0.8337826983754923 0.5520927565995407
vn -5.4657842146866707e-8 0.8337826983754923 0.5520927565995407
vn 1.2318188425352403e-7 0.9986609800319761 -0.05173245559180085
vn 1.2318188425352403e-7 0.9986609800319761 -0.05173245559180085
vn 1.2318188425352403e-7 0.9986609800319761 -0.05173245559180085
vn 1.2318188425352403e-7 0.9986609800319761 -0.05173245559180085
vn 1.2318188425352403e-7 0.9986609800319761 -0.05173245559180085
vn 1.2318188425352403e-7 0.9986609800319761 -0.05173245559180085
vn -3.7185279179483844e-8 -0.945932689206511 -0.3243629872388906
vn -3.7185279179483844e-8 -0.945932689206511 -0.3243629872388906
vn -3.7185279179483844e-8 -0.945932689206511 -0.3243629872388906
vn -3.7185279179483844e-8 -0.945932689206511 -0.3243629872388906
vn -3.7185279179483844e-8 -0.945932689206511 -0.3243629872388906
vn -3.7185279179483844e-8 -0.945932689206511 -0.3243629872388906
vn -3.213192891735883e-8 0.9558238424328458 0.29394009974297336
vn -3.213192891735883e-8 0.9558238424328458 0.29394009974297336
vn -3.213192891735883e-8 0.9558238424328458 0.29394009974297336
vn -3.213192891735883e-8 0.9558238424328458 0.29394009974297336
vn -3.213192891735883e-8 0.9558238424328458 0.29394009974297336
vn -3.213192891735883e-8 0.9558238424328458 0.29394009974297336
vn 0.9999999999977898 0.0000016901840138520328 0.0000012503668293621724
vn 0.9999999999977898 0.0000016901840138520328 0.0000012503668293621724
vn 0.9999999999972735 0.000002189726807131439 8.112100305645344e-7
vn 0.9999999999977898 0.0000016901840138520328 0.0000012503668293621724
vn 0.9999999999972735 0.000002189726807131439 8.112100305645344e-7
vn 0.9999999999972735 0.000002189726807131439 8.112100305645344e-7
vn -0.9889858093070992 -0.07592522384485574 -0.1270528605474534
vn -0.9889858093070992 -0.07592522384485574 -0.1270528605474534
vn -0.9889858093070992 -0.07592522384485574 -0.1270528605474534
vn -0.9889858093070992 -0.07592522384485574 -0.1270528605474534
vn -0.9889858093070992 -0.07592522384485574 -0.1270528605474534
vn -0.9889858093070992 -0.07592522384485574 -0.1270528605474534
vn 0.9999999999972735 0.000002189726807131439 8.112100305645344e-7
vn 0.9999999999972735 0.000002189726807131439 8.112100305645344e-7
vn 0.9999999999974309 0.000002266724134411008 -6.710474738376581e-9
vn 0.9999999999972735 0.000002189726807131439 8.112100305645344e-7
vn 0.9999999999974309 0.000002266724134411008 -6.710474738376581e-9
vn 0.9999999999974309 0.000002266724134411008 -6.710474738376581e-9
vn -0.9999999999993557 -0.0000010878805612030858 -3.242276415723379e-7
vn -0.9999999999993557 -0.0000010878805612030858 -3.242276415723379e-7
vn -0.9999999999993947 -0.0000010994109841851593 -4.739867836215138e-8
vn -0.9999999999993557 -0.0000010878805612030858 -3.242276415723379e-7
vn -0.9999999999993947 -0.0000010994109841851593 -4.739867836215138e-8
vn -0.9999999999993947 -0.0000010994109841851593 -4.739867836215138e-8
vn -1.0624913416297753e-7 -0.9990807626448893 0.04286758347393739
vn -1.0624913416297753e-7 -0.9990807626448893 0.04286758347393739
vn -1.0624913416297753e-7 -0.9990807626448893 0.04286758347393739
vn -1.0624913416297753e-7 -0.9990807626448893 0.04286758347393739
vn -1.0624913416297753e-7 -0.9990807626448893 0.04286758347393739
vn -1.0624913416297753e-7 -0.9990807626448893 0.04286758347393739
vn -1.3753206154183184e-7 -0.9044563252436978 0.42656623838115393
vn -1.3753206154183184e-7 -0.9044563252436978 0.42656623838115393
vn -1.3753206154183184e-7 -0.9044563252436978 0.42656623838115393
vn -1.3753206154183184e-7 -0.9044563252436978 0.42656623838115393
vn -1.3753206154183184e-7 -0.9044563252436978 0.42656623838115393
vn -1.3753206154183184e-7 -0.9044563252436978 0.42656623838115393
vn -9.578303004381979e-8 -0.9804136605409752 0.19694936969849966
vn -9.578303004381979e-8 -0.9804136605409752 0.19694936969849966
vn -9.578303004381979e-8 -0.9804136605409752 0.19694936969849966
vn -9.578303004381979e-8 -0.9804136605409752 0.19694936969849966
vn -9.578303004381979e-8 -0.9804136605409752 0.19694936969849966
vn -9.578303004381979e-8 -0.9804136605409752 0.19694936969849966
vn 1.6849232200516452e-7 0.9609872190834392 -0.27659277784904207
vn 1.6849232200516452e-7 0.9609872190834392 -0.27659277784904207
vn 1.6849232200516452e-7 0.9609872190834392 -0.27659277784904207
vn 1.6849232200516452e-7 0.9609872190834392 -0.27659277784904207
vn 1.6849232200516452e-7 0.9609872190834392 -0.27659277784904207
vn 1.6849232200516452e-7 0.9609872190834392 -0.27659277784904207
vn 0.9889860872862414 -0.07592123548137544 -0.12705308007770819
vn 0.9889860872862414 -0.07592123548137544 -0.12705308007770819
vn 0.9889860872862414 -0.07592123548137544 -0.12705308007770819
vn 0.9889860872862414 -0.07592123548137544 -0.12705308007770819
vn 0.9889860872862414 -0.07592123548137544 -0.12705308007770819
vn 0.9889860872862414 -0.07592123548137544 -0.12705308007770819
vn 3.2107660514981777e-7 0.8473479314214928 -0.5310381183263725
vn 3.2107660514981777e-7 0.8473479314214928 -0.5310381183263725
vn 3.2107660514981777e-7 0.8473479314214928 -0.5310381183263725
vn 3.2107660514981777e-7 0.8473479314214928 -0.5310381183263725
vn 3.2107660514981777e-7 0.8473479314214928 -0.5310381183263725
vn 3.2107660514981777e-7 0.8473479314214928 -0.5310381183263725
vn 5.510931900594999e-7 0.8583536154871464 -0.5130585451776826
vn 5.510931900594999e-7 0.8583536154871464 -0.5130585451776826
vn 5.510931900594999e-7 0.8583536154871464 -0.5130585451776826
vn 5.510931900594999e-7 0.8583536154871464 -0.5130585451776826
vn 5.510931900594999e-7 0.8583536154871464 -0.5130585451776826
vn 5.510931900594999e-7 0.8583536154871464 -0.5130585451776826
vn 0.9812576845262886 -0.12699094490488083 -0.14493673264660126
vn 0.9812576845262886 -0.12699094490488083 -0.14493673264660126
vn 0.9812576845262886 -0.12699094490488083 -0.14493673264660126
vn 0.9812576845262886 -0.12699094490488083 -0.14493673264660126
vn 0.9812576845262886 -0.12699094490488083 -0.14493673264660126
vn 0.9812576845262886 -0.12699094490488083 -0.14493673264660126
vn -0.9812572930987535 -0.12699756296149392 -0.14493358390086242
vn -0.9812572930987535 -0.12699756296149392 -0.14493358390086242
vn -0.9812572930987535 -0.12699756296149392 -0.14493358390086242
vn -0.9812572930987535 -0.12699756296149392 -0.14493358390086242
vn -0.9812572930987535 -0.12699756296149392 -0.14493358390086242
vn -0.9812572930987535 -0.12699756296149392 -0.14493358390086242
vn 1.7334421314270303e-7 -0.8838745209667198 -0.4677240972900812
vn 1.7334421314270303e-7 -0.8838745209667198 -0.4677240972900812
vn 1.7334421314270303e-7 -0.8838745209667198 -0.4677240972900812
vn 1.7334421314270303e-7 -0.8838745209667198 -0.4677240972900812
vn 1.7334421314270303e-7 -0.8838745209667198 -0.4677240972900812
vn 1.7334421314270303e-7 -0.8838745209667198 -0.4677240972900812
vn 0.9627298543981573 -0.19560114042010276 -0.18679245519254326
vn 0.9627298543981573 -0.19560114042010276 -0.18679245519254326
vn 0.9627298543981573 -0.19560114042010276 -0.18679245519254326
vn 0.9627298543981573 -0.19560114042010276 -0.18679245519254326
vn 0.9627298543981573 -0.19560114042010276 -0.18679245519254326
vn 0.9627298543981573 -0.19560114042010276 -0.18679245519254326
vn -0.9627292293596763 -0.19560833803452055 -0.18678813941976205
vn -0.9627292293596763 -0.19560833803452055 -0.18678813941976205
vn -0.9627292293596763 -0.19560833803452055 -0.18678813941976205
vn -0.9627292293596763 -0.19560833803452055 -0.18678813941976205
vn -0.9627292293596763 -0.19560833803452055 -0.18678813941976205
vn -0.9627292293596763 -0.19560833803452055 -0.18678813941976205
vn -1.0384438098615397e-7 -0.913446316499189 0.40695924473349016
vn -1.0384438098615397e-7 -0.913446316499189 0.40695924473349016
vn -1.0384438098615397e-7 -0.913446316499189 0.40695924473349016
vn -1.0384438098615397e-7 -0.913446316499189 0.40695924473349016
vn -1.0384438098615397e-7 -0.913446316499189 0.40695924473349016
vn -1.0384438098615397e-7 -0.913446316499189 0.40695924473349016
vn 8.100309644264714e-8 1.3583003912175441e-8 -0.9999999999999967
vn 8.100309644264714e-8 1.3583003912175441e-8 -0.9999999999999967
vn 8.100309644264714e-8 1.3583003912175441e-8 -0.9999999999999967
vn 8.100309644264714e-8 1.3583003912175441e-8 -0.9999999999999967
vn 8.100309644264714e-8 1.3583003912175441e-8 -0.9999999999999967
vn 8.100309644264714e-8 1.3583003912175441e-8 -0.9999999999999967
vn 3.3295282789460116e-7 -0.9999999999998933 3.2011837626709063e-7
vn 3.3295282789460116e-7 -0.9999999999998933 3.2011837626709063e-7
vn 3.3295282789460116e-7 -0.9999999999998933 3.2011837626709063e-7
vn 3.3295282789460116e-7 -0.9999999999998933 3.2011837626709063e-7
vn 3.3295282789460116e-7 -0.9999999999998933 3.2011837626709063e-7
vn 3.3295282789460116e-7 -0.9999999999998933 3.2011837626709063e-7
vn -0.013352820259765509 0.045796334668303025 -0.9988615509278846
vn -0.013352820259765509 0.045796334668303025 -0.9988615509278846
vn -0.013352820259765509 0.045796334668303025 -0.9988615509278846
vn -0.013352820259765509 0.045796334668303025 -0.9988615509278846
vn -0.013352820259765509 0.045796334668303025 -0.9988615509278846
vn -0.013352820259765509 0.045796334668303025 -0.9988615509278846
vn -0.9999106778896473 5.900261929472138e-8 0.013365486981865928
vn -0.9999106778896473 5.900261929472138e-8 0.013365486981865928
vn -0.9999106778896473 5.900261929472138e-8 0.013365486981865928
vn -0.9999106778896473 5.900261929472138e-8 0.013365486981865928
vn -0.9999106778896473 5.900261929472138e-8 0.013365486981865928
vn -0.9999106778896473 5.900261929472138e-8 0.013365486981865928
vn -0.01336688203619857 -4.676623778808813e-8 -0.9999106592414285
vn -0.01336688203619857 -4.676623778808813e-8 -0.9999106592414285
vn -0.01336688203619857 -4.676623778808813e-8 -0.9999106592414285
vn -0.01336688203619857 -4.676623778808813e-8 -0.9999106592414285
vn -0.01336688203619857 -4.676623778808813e-8 -0.9999106592414285
vn -0.01336688203619857 -4.676623778808813e-8 -0.9999106592414285
vn 0.9999106664395211 -8.101790133190587e-8 -0.013366343571305775
vn 0.9999106664395211 -8.101790133190587e-8 -0.013366343571305775
vn 0.9999106664395211 -8.101790133190587e-8 -0.013366343571305775
vn 0.9999106664395211 -8.101790133190587e-8 -0.013366343571305775
vn 0.9999106664395211 -8.101790133190587e-8 -0.013366343571305775
vn 0.9999106664395211 -8.101790133190587e-8 -0.013366343571305775
vn -0.9999210177440795 0.002036253251053464 0.012402094433670904
vn -0.9999210177440795 0.002036253251053464 0.012402094433670904
vn -0.9999210177440795 0.002036253251053464 0.012402094433670904
vn -0.9999210177440795 0.002036253251053464 0.012402094433670904
vn -0.9999210177440795 0.002036253251053464 0.012402094433670904
vn -0.9999210177440795 0.002036253251053464 0.012402094433670904
vn -0.9999493831268065 -0.0007315379365508499 0.010034741479806155
vn -0.9999493831268065 -0.0007315379365508499 0.010034741479806155
vn -0.9999493831268065 -0.0007315379365508499 0.010034741479806155
vn -0.9999493831268065 -0.0007315379365508499 0.010034741479806155
vn -0.9999493831268065 -0.0007315379365508499 0.010034741479806155
vn -0.9999493831268065 -0.0007315379365508499 0.010034741479806155
vn 0.9999493728620703 0.0007315709472730866 -0.010035761889419735
vn 0.9999493728620703 0.0007315709472730866 -0.010035761889419735
vn 0.9999493728620703 0.0007315709472730866 -0.010035761889419735
vn 0.9999493728620703 0.0007315709472730866 -0.010035761889419735
vn 0.9999493728620703 0.0007315709472730866 -0.010035761889419735
vn 0.9999493728620703 0.0007315709472730866 -0.010035761889419735
vn 0.013285757076095098 -0.11001395199086728 0.9938412443777256
vn 0.013285757076095098 -0.11001395199086728 0.9938412443777256
vn 0.013285757076095098 -0.11001395199086728 0.9938412443777256
vn 0.013285757076095098 -0.11001395199086728 0.9938412443777256
vn 0.013285757076095098 -0.11001395199086728 0.9938412443777256
vn 0.013285757076095098 -0.11001395199086728 0.9938412443777256
vn 0.9999106639052345 -5.557207845426587e-7 -0.0133665331438061
vn 0.9999106639052345 -5.557207845426587e-7 -0.0133665331438061
vn 0.9999106639052345 -5.557207845426587e-7 -0.0133665331438061
vn 0.9999106639052345 -5.557207845426587e-7 -0.0133665331438061
vn 0.9999106639052345 -5.557207845426587e-7 -0.0133665331438061
vn 0.9999106639052345 -5.557207845426587e-7 -0.0133665331438061
vn 0.9999210086088863 -0.0020356999545791 -0.012402921763931823
vn 0.9999210086088863 -0.0020356999545791 -0.012402921763931823
vn 0.9999210086088863 -0.0020356999545791 -0.012402921763931823
vn 0.9999210086088863 -0.0020356999545791 -0.012402921763931823
vn 0.9999210086088863 -0.0020356999545791 -0.012402921763931823
vn 0.9999210086088863 -0.0020356999545791 -0.012402921763931823
vn 0.011536105977933881 -0.5051546147956869 0.862951756130948
vn 0.011536105977933881 -0.5051546147956869 0.862951756130948
vn 0.011536105977933881 -0.5051546147956869 0.862951756130948
vn 0.011536105977933881 -0.5051546147956869 0.862951756130948
vn 0.011536105977933881 -0.5051546147956869 0.862951756130948
vn 0.011536105977933881 -0.5051546147956869 0.862951756130948
vn -0.01028077443433099 0.6390915803621576 -0.7690619335185107
vn -0.01028077443433099 0.6390915803621576 -0.7690619335185107
vn -0.01028077443433099 0.6390915803621576 -0.7690619335185107
vn -0.01028077443433099 0.6390915803621576 -0.7690619335185107
vn -0.01028077443433099 0.6390915803621576 -0.7690619335185107
vn -0.01028077443433099 0.6390915803621576 -0.7690619335185107
vn 0.0012532463133904707 0.9955971275951611 0.09372720468435086
vn 0.0012532463133904707 0.9955971275951611 0.09372720468435086
vn 0.0012532463133904707 0.9955971275951611 0.09372720468435086
vn 0.0012532463133904707 0.9955971275951611 0.09372720468435086
vn 0.0012532463133904707 0.9955971275951611 0.09372720468435086
vn 0.0012532463133904707 0.9955971275951611 0.09372720468435086
vn 0.007069969472779673 -0.8486724973407376 0.5288714473188071
vn 0.007069969472779673 -0.8486724973407376 0.5288714473188071
vn 0.007069969472779673 -0.8486724973407376 0.5288714473188071
vn 0.007069969472779673 -0.8486724973407376 0.5288714473188071
vn 0.007069969472779673 -0.8486724973407376 0.5288714473188071
vn 0.007069969472779673 -0.8486724973407376 0.5288714473188071
vn -0.006521565396509158 0.8729032055676277 -0.48784983641950613
vn -0.006521565396509158 0.8729032055676277 -0.48784983641950613
vn -0.006521565396509158 0.8729032055676277 -0.48784983641950613
vn -0.006521565396509158 0.8729032055676277 -0.48784983641950613
vn -0.006521565396509158 0.8729032055676277 -0.48784983641950613
vn -0.006521565396509158 0.8729032055676277 -0.48784983641950613
vn -0.9999106689729209 0.000001186759678101189 0.013366153998710014
vn -0.9999106689729209 0.000001186759678101189 0.013366153998710014
vn -0.9999106689729209 0.000001186759678101189 0.013366153998710014
vn -0.9999106689729209 0.000001186759678101189 0.013366153998710014
vn -0.9999106689729209 0.000001186759678101189 0.013366153998710014
vn -0.9999106689729209 0.000001186759678101189 0.013366153998710014
vn 0.9925926807182702 -0.04185830662895135 0.11405109535061425
vn 0.9925926807182702 -0.04185830662895135 0.11405109535061425
vn 0.9925926807182702 -0.04185830662895135 0.11405109535061425
vn 0.9925926807182702 -0.04185830662895135 0.11405109535061425
vn 0.9925926807182702 -0.04185830662895135 0.11405109535061425
vn 0.9925926807182702 -0.04185830662895135 0.11405109535061425
vn -0.9999106689729209 0.000001186759678101189 0.013366153998710014
vn -0.9999106689729209 0.000001186759678101189 0.013366153998710014
vn -0.9999106575223582 0.000001078416984560339 0.013367010587342645
vn -0.9999106689729209 0.000001186759678101189 0.013366153998710014
vn -0.9999106575223582 0.000001078416984560339 0.013367010587342645
vn -0.9999106575223582 0.000001078416984560339 0.013367010587342645
vn 0.9999106639052345 -5.557207845426587e-7 -0.0133665331438061
vn 0.9999106639052345 -5.557207845426587e-7 -0.0133665331438061
vn 0.9999106568135803 -6.074276694516619e-7 -0.013367063636623011
vn 0.9999106639052345 -5.557207845426587e-7 -0.0133665331438061
vn 0.9999106568135803 -6.074276694516619e-7 -0.013367063636623011
vn 0.9999106568135803 -6.074276694516619e-7 -0.013367063636623011
vn -0.00103931418615215 -0.9969730765279796 -0.07774062325681366
vn -0.00103931418615215 -0.9969730765279796 -0.07774062325681366
vn -0.00103931418615215 -0.9969730765279796 -0.07774062325681366
vn -0.00103931418615215 -0.9969730765279796 -0.07774062325681366
vn -0.00103931418615215 -0.9969730765279796 -0.07774062325681366
vn -0.00103931418615215 -0.9969730765279796 -0.07774062325681366
vn -0.008699483435118413 -0.7592394543000641 -0.6507532328172508
vn -0.008699483435118413 -0.7592394543000641 -0.6507532328172508
vn -0.008699483435118413 -0.7592394543000641 -0.6507532328172508
vn -0.008699483435118413 -0.7592394543000641 -0.6507532328172508
vn -0.008699483435118413 -0.7592394543000641 -0.6507532328172508
vn -0.008699483435118413 -0.7592394543000641 -0.6507532328172508
vn -0.004584781067252892 -0.9393483157745037 -0.3429339899079247
vn -0.004584781067252892 -0.9393483157745037 -0.3429339899079247
vn -0.004584781067252892 -0.9393483157745037 -0.3429339899079247
vn -0.004584781067252892 -0.9393483157745037 -0.3429339899079247
vn -0.004584781067252892 -0.9393483157745037 -0.3429339899079247
vn -0.004584781067252892 -0.9393483157745037 -0.3429339899079247
vn 0.0061957651958645535 0.8860828191919045 0.46348554457131064
vn 0.0061957651958645535 0.8860828191919045 0.46348554457131064
vn 0.0061957651958645535 0.8860828191919045 0.46348554457131064
vn 0.0061957651958645535 0.8860828191919045 0.46348554457131064
vn 0.0061957651958645535 0.8860828191919045 0.46348554457131064
vn 0.0061957651958645535 0.8860828191919045 0.46348554457131064
vn -0.9891892309475845 -0.04185707751191957 0.14054412274971695
vn -0.9891892309475845 -0.04185707751191957 0.14054412274971695
vn -0.9891892309475845 -0.04185707751191957 0.14054412274971695
vn -0.9891892309475845 -0.04185707751191957 0.14054412274971695
vn -0.9891892309475845 -0.04185707751191957 0.14054412274971695
vn -0.9891892309475845 -0.04185707751191957 0.14054412274971695
vn 0.010044922497693587 0.6597495986465095 0.7514183698964146
vn 0.010044922497693587 0.6597495986465095 0.7514183698964146
vn 0.010044922497693587 0.6597495986465095 0.7514183698964146
vn 0.010044922497693587 0.6597495986465095 0.7514183698964146
vn 0.010044922497693587 0.6597495986465095 0.7514183698964146
vn 0.010044922497693587 0.6597495986465095 0.7514183698964146
vn 0.009834469086495639 0.6772541609192707 0.7356834133887493
vn 0.009834469086495639 0.6772541609192707 0.7356834133887493
vn 0.009834469086495639 0.6772541609192707 0.7356834133887493
vn 0.009834469086495639 0.6772541609192707 0.7356834133887493
vn 0.009834469086495639 0.6772541609192707 0.7356834133887493
vn 0.009834469086495639 0.6772541609192707 0.7356834133887493
vn -0.9847852814115111 -0.07026843216966372 0.1589348827528689
vn -0.9847852814115111 -0.07026843216966372 0.1589348827528689
vn -0.9847852814115111 -0.07026843216966372 0.1589348827528689
vn -0.9847852814115111 -0.07026843216966372 0.1589348827528689
vn -0.9847852814115111 -0.07026843216966372 0.1589348827528689
vn -0.9847852814115111 -0.07026843216966372 0.1589348827528689
vn 0.9886820082944738 -0.07026953587318785 0.1325521738900291
vn 0.9886820082944738 -0.07026953587318785 0.1325521738900291
vn 0.9886820082944738 -0.07026953587318785 0.1325521738900291
vn 0.9886820082944738 -0.07026953587318785 0.1325521738900291
vn 0.9886820082944738 -0.07026953587318785 0.1325521738900291
vn 0.9886820082944738 -0.07026953587318785 0.1325521738900291
vn 0.009265417834466624 -0.7207445882628085 0.6931387960013689
vn 0.009265417834466624 -0.7207445882628085 0.6931387960013689
vn 0.009265417834466624 -0.7207445882628085 0.6931387960013689
vn 0.009265417834466624 -0.7207445882628085 0.6931387960013689
vn 0.009265417834466624 -0.7207445882628085 0.6931387960013689
vn 0.009265417834466624 -0.7207445882628085 0.6931387960013689
vn -0.9732165009139052 -0.10908757652352212 0.2023599342684197
vn -0.9732165009139052 -0.10908757652352212 0.2023599342684197
vn -0.9732165009139052 -0.10908757652352212 0.2023599342684197
vn -0.9732165009139052 -0.10908757652352212 0.2023599342684197
vn -0.9732165009139052 -0.10908757652352212 0.2023599342684197
vn -0.9732165009139052 -0.10908757652352212 0.2023599342684197
vn 0.9782780795233319 -0.109088486760309 0.17627166868356148
vn 0.9782780795233319 -0.109088486760309 0.17627166868356148
vn 0.9782780795233319 -0.109088486760309 0.17627166868356148
vn 0.9782780795233319 -0.109088486760309 0.17627166868356148
vn 0.9782780795233319 -0.109088486760309 0.17627166868356148
vn 0.9782780795233319 -0.109088486760309 0.17627166868356148
vn -0.008411278845281011 -0.7771626576604036 -0.6292435569208518
vn -0.008411278845281011 -0.7771626576604036 -0.6292435569208518
vn -0.008411278845281011 -0.7771626576604036 -0.6292435569208518
vn -0.008411278845281011 -0.7771626576604036 -0.6292435569208518
vn -0.008411278845281011 -0.7771626576604036 -0.6292435569208518
vn -0.008411278845281011 -0.7771626576604036 -0.6292435569208518
vn 0.013366838710768799 6.451786747470953e-8 0.9999106598206042
vn 0.013366838710768799 6.451786747470953e-8 0.9999106598206042
vn 0.013366838710768799 6.451786747470953e-8 0.9999106598206042
vn 0.013366838710768799 6.451786747470953e-8 0.9999106598206042
vn 0.013366838710768799 6.451786747470953e-8 0.9999106598206042
vn 0.013366838710768799 6.451786747470953e-8 0.9999106598206042
vn -2.0898891736915452e-7 -0.9999999999999717 -1.1410010274393256e-7
vn -2.0898891736915452e-7 -0.9999999999999717 -1.1410010274393256e-7
vn -2.0898891736915452e-7 -0.9999999999999717 -1.1410010274393256e-7
vn -2.0898891736915452e-7 -0.9999999999999717 -1.1410010274393256e-7
vn -2.0898891736915452e-7 -0.9999999999999717 -1.1410010274393256e-7
vn -2.0898891736915452e-7 -0.9999999999999717 -1.1410010274393256e-7
vn -0.8763553208356079 0.06465983218449733 -0.4773054134880428
vn -0.8763553208356079 0.06465983218449733 -0.4773054134880428
vn -0.8763553208356079 0.06465983218449733 -0.4773054134880428
vn -0.8763553208356079 0.06465983218449733 -0.4773054134880428
vn -0.8763553208356079 0.06465983218449733 -0.4773054134880428
vn -0.8763553208356079 0.06465983218449733 -0.4773054134880428
vn -0.47830737912613164 6.626046624424515e-8 0.8781924909001937
vn -0.47830737912613164 6.626046624424515e-8 0.8781924909001937
vn -0.47830737912613164 6.626046624424515e-8 0.8781924909001937
vn -0.47830737912613164 6.626046624424515e-8 0.8781924909001937
vn -0.47830737912613164 6.626046624424515e-8 0.8781924909001937
vn -0.47830737912613164 6.626046624424515e-8 0.8781924909001937
vn -0.8781930748553566 1.0217324587118697e-8 -0.4783063069583068
vn -0.8781930748553566 1.0217324587118697e-8 -0.4783063069583068
vn -0.8781930748553566 1.0217324587118697e-8 -0.4783063069583068
vn -0.8781930748553566 1.0217324587118697e-8 -0.4783063069583068
vn -0.8781930748553566 1.0217324587118697e-8 -0.4783063069583068
vn -0.8781930748553566 1.0217324587118697e-8 -0.4783063069583068
vn 0.47830685985029636 -9.609915298136868e-8 -0.8781927737234803
vn 0.47830685985029636 -9.609915298136868e-8 -0.8781927737234803
vn 0.47830685985029636 -9.609915298136868e-8 -0.8781927737234803
vn 0.47830685985029636 -9.609915298136868e-8 -0.8781927737234803
vn 0.47830685985029636 -9.609915298136868e-8 -0.8781927737234803
vn 0.47830685985029636 -9.609915298136868e-8 -0.8781927737234803
vn -0.4790539141444846 0.0025451072975089506 0.8777817893825852
vn -0.4790539141444846 0.0025451072975089506 0.8777817893825852
vn -0.4790539141444846 0.0025451072975089506 0.8777817893825852
vn -0.4790539141444846 0.0025451072975089506 0.8777817893825852
vn -0.4790539141444846 0.0025451072975089506 0.8777817893825852
vn -0.4790539141444846 0.0025451072975089506 0.8777817893825852
vn -0.4808921367269052 -0.0009143541889922867 0.876779286246344
vn -0.4808921367269052 -0.0009143541889922867 0.876779286246344
vn -0.4808921367269052 -0.0009143541889922867 0.876779286246344
vn -0.4808921367269052 -0.0009143541889922867 0.876779286246344
vn -0.4808921367269052 -0.0009143541889922867 0.876779286246344
vn -0.4808921367269052 -0.0009143541889922867 0.876779286246344
vn 0.480891324706101 0.0009143542708512243 -0.8767797316194522
vn 0.480891324706101 0.0009143542708512243 -0.8767797316194522
vn 0.480891324706101 0.0009143542708512243 -0.8767797316194522
vn 0.480891324706101 0.0009143542708512243 -0.8767797316194522
vn 0.480891324706101 0.0009143542708512243 -0.8767797316194522
vn 0.480891324706101 0.0009143542708512243 -0.8767797316194522
vn 0.867640099503157 -0.15456077561092993 0.47255859359099506
vn 0.867640099503157 -0.15456077561092993 0.47255859359099506
vn 0.867640099503157 -0.15456077561092993 0.47255859359099506
vn 0.867640099503157 -0.15456077561092993 0.47255859359099506
vn 0.867640099503157 -0.15456077561092993 0.47255859359099506
vn 0.867640099503157 -0.15456077561092993 0.47255859359099506
vn 0.4783065607609327 -7.9756711041686e-7 -0.878192936621795
vn 0.4783065607609327 -7.9756711041686e-7 -0.878192936621795
vn 0.4783065607609327 -7.9756711041686e-7 -0.878192936621795
vn 0.4783065607609327 -7.9756711041686e-7 -0.878192936621795
vn 0.4783065607609327 -7.9756711041686e-7 -0.878192936621795
vn 0.4783065607609327 -7.9756711041686e-7 -0.878192936621795
vn 0.4790533676763223 -0.002544462499537137 -0.8777820894895058
vn 0.4790533676763223 -0.002544462499537137 -0.8777820894895058
vn 0.4790533676763223 -0.002544462499537137 -0.8777820894895058
vn 0.4790533676763223 -0.002544462499537137 -0.8777820894895058
vn 0.4790533676763223 -0.002544462499537137 -0.8777820894895058
vn 0.4790533676763223 -0.002544462499537137 -0.8777820894895058
vn 0.6766540163534019 -0.6374314028275339 0.3685383953431889
vn 0.6766540163534019 -0.6374314028275339 0.3685383953431889
vn 0.6766540163534019 -0.6374314028275339 0.3685383953431889
vn 0.6766540163534019 -0.6374314028275339 0.3685383953431889
vn 0.6766540163534019 -0.6374314028275339 0.3685383953431889
vn 0.6766540163534019 -0.6374314028275339 0.3685383953431889
vn -0.569338364522638 0.7613793309714202 -0.3100892469148201
vn -0.569338364522638 0.7613793309714202 -0.3100892469148201
vn -0.569338364522638 0.7613793309714202 -0.3100892469148201
vn -0.569338364522638 0.7613793309714202 -0.3100892469148201
vn -0.569338364522638 0.7613793309714202 -0.3100892469148201
vn -0.569338364522638 0.7613793309714202 -0.3100892469148201
vn 0.05837070099993633 0.9977886390896122 0.03179139771189635
vn 0.05837070099993633 0.9977886390896122 0.03179139771189635
vn 0.05837070099993633 0.9977886390896122 0.03179139771189635
vn 0.05837070099993633 0.9977886390896122 0.03179139771189635
vn 0.05837070099993633 0.9977886390896122 0.03179139771189635
vn 0.05837070099993633 0.9977886390896122 0.03179139771189635
vn 0.35432295698766186 -0.914993675317414 0.19298138843072496
vn 0.35432295698766186 -0.914993675317414 0.19298138843072496
vn 0.35432295698766186 -0.914993675317414 0.19298138843072496
vn 0.35432295698766186 -0.914993675317414 0.19298138843072496
vn 0.35432295698766186 -0.914993675317414 0.19298138843072496
vn 0.35432295698766186 -0.914993675317414 0.19298138843072496
vn -0.3229530549778679 0.9299257651758669 -0.17589597932454432
vn -0.3229530549778679 0.9299257651758669 -0.17589597932454432
vn -0.3229530549778679 0.9299257651758669 -0.17589597932454432
vn -0.3229530549778679 0.9299257651758669 -0.17589597932454432
vn -0.3229530549778679 0.9299257651758669 -0.17589597932454432
vn -0.3229530549778679 0.9299257651758669 -0.17589597932454432
vn -0.47830683999606166 0.0000014014604973640245 0.878192784535957
vn -0.47830683999606166 0.0000014014604973640245 0.878192784535957
vn -0.47830683999606166 0.0000014014604973640245 0.878192784535957
vn -0.47830683999606166 0.0000014014604973640245 0.878192784535957
vn -0.47830683999606166 0.0000014014604973640245 0.878192784535957
vn -0.47830683999606166 0.0000014014604973640245 0.878192784535957
vn 0.5735921205828776 -0.05238507593543673 -0.8174643007645509
vn 0.5735921205828776 -0.05238507593543673 -0.8174643007645509
vn 0.5735921205828776 -0.05238507593543673 -0.8174643007645509
vn 0.5735921205828776 -0.05238507593543673 -0.8174643007645509
vn 0.5735921205828776 -0.05238507593543673 -0.8174643007645509
vn 0.5735921205828776 -0.05238507593543673 -0.8174643007645509
vn -0.47830683999606166 0.0000014014604973640245 0.878192784535957
vn -0.47830683999606166 0.0000014014604973640245 0.878192784535957
vn -0.47830629093845534 0.0000016719219605306567 0.8781930835789488
vn -0.47830683999606166 0.0000014014604973640245 0.878192784535957
vn -0.47830629093845534 0.0000016719219605306567 0.8781930835789488
vn -0.47830629093845534 0.0000016719219605306567 0.8781930835789488
vn 0.4783065607609327 -7.9756711041686e-7 -0.878192936621795
vn 0.4783065607609327 -7.9756711041686e-7 -0.878192936621795
vn 0.47830627082872934 -4.0401315947450585e-7 -0.8781930945331733
vn 0.4783065607609327 -7.9756711041686e-7 -0.878192936621795
vn 0.47830627082872934 -4.0401315947450585e-7 -0.8781930945331733
vn 0.47830627082872934 -4.0401315947450585e-7 -0.8781930945331733
vn -0.04838127943427071 -0.9984812970161012 -0.026350546661262658
vn -0.04838127943427071 -0.9984812970161012 -0.026350546661262658
vn -0.04838127943427071 -0.9984812970161012 -0.026350546661262658
vn -0.04838127943427071 -0.9984812970161012 -0.026350546661262658
vn -0.04838127943427071 -0.9984812970161012 -0.026350546661262658
vn -0.04838127943427071 -0.9984812970161012 -0.026350546661262658
vn -0.4554011927633048 -0.8550375625322385 -0.24803330479733562
vn -0.4554011927633048 -0.8550375625322385 -0.24803330479733562
vn -0.4554011927633048 -0.8550375625322385 -0.24803330479733562
vn -0.4554011927633048 -0.8550375625322385 -0.24803330479733562
vn -0.4554011927633048 -0.8550375625322385 -0.24803330479733562
vn -0.4554011927633048 -0.8550375625322385 -0.24803330479733562
vn -0.21964847085775543 -0.9682164130393947 -0.11963079357330203
vn -0.21964847085775543 -0.9682164130393947 -0.11963079357330203
vn -0.21964847085775543 -0.9682164130393947 -0.11963079357330203
vn -0.21964847085775543 -0.9682164130393947 -0.11963079357330203
vn -0.21964847085775543 -0.9682164130393947 -0.11963079357330203
vn -0.21964847085775543 -0.9682164130393947 -0.11963079357330203
vn 0.3048280236403794 0.9378250980011746 0.16602397887831546
vn 0.3048280236403794 0.9378250980011746 0.16602397887831546
vn 0.3048280236403794 0.9378250980011746 0.16602397887831546
vn 0.3048280236403794 0.9378250980011746 0.16602397887831546
vn 0.3048280236403794 0.9378250980011746 0.16602397887831546
vn 0.3048280236403794 0.9378250980011746 0.16602397887831546
vn -0.3756007796068429 -0.05238247143352498 0.9253000221794268
vn -0.3756007796068429 -0.05238247143352498 0.9253000221794268
vn -0.3756007796068429 -0.05238247143352498 0.9253000221794268
vn -0.3756007796068429 -0.05238247143352498 0.9253000221794268
vn -0.3756007796068429 -0.05238247143352498 0.9253000221794268
vn -0.3756007796068429 -0.05238247143352498 0.9253000221794268
vn 0.5510620625122303 0.7786206733349776 0.30013405390783826
vn 0.5510620625122303 0.7786206733349776 0.30013405390783826
vn 0.5510620625122303 0.7786206733349776 0.30013405390783826
vn 0.5510620625122303 0.7786206733349776 0.30013405390783826
vn 0.5510620625122303 0.7786206733349776 0.30013405390783826
vn 0.5510620625122303 0.7786206733349776 0.30013405390783826
vn 0.5351833514001959 0.7928518651205302 0.2914870500707549
vn 0.5351833514001959 0.7928518651205302 0.2914870500707549
vn 0.5351833514001959 0.7928518651205302 0.2914870500707549
vn 0.5351833514001959 0.7928518651205302 0.2914870500707549
vn 0.5351833514001959 0.7928518651205302 0.2914870500707549
vn 0.5351833514001959 0.7928518651205302 0.2914870500707549
vn -0.3591390133141085 -0.0879087144744365 0.9291346657160201
vn -0.3591390133141085 -0.0879087144744365 0.9291346657160201
vn -0.3591390133141085 -0.0879087144744365 0.9291346657160201
vn -0.3591390133141085 -0.0879087144744365 0.9291346657160201
vn -0.3591390133141085 -0.0879087144744365 0.9291346657160201
vn -0.3591390133141085 -0.0879087144744365 0.9291346657160201
vn 0.5857425898354593 -0.08791072674657245 -0.8057154104122237
vn 0.5857425898354593 -0.08791072674657245 -0.8057154104122237
vn 0.5857425898354593 -0.08791072674657245 -0.8057154104122237
vn 0.5857425898354593 -0.08791072674657245 -0.8057154104122237
vn 0.5857425898354593 -0.08791072674657245 -0.8057154104122237
vn 0.5857425898354593 -0.08791072674657245 -0.8057154104122237
vn 0.49405643262177906 -0.8267409402058522 0.2690867131104487
vn 0.49405643262177906 -0.8267409402058522 0.2690867131104487
vn 0.49405643262177906 -0.8267409402058522 0.2690867131104487
vn 0.49405643262177906 -0.8267409402058522 0.2690867131104487
vn 0.49405643262177906 -0.8267409402058522 0.2690867131104487
vn 0.49405643262177906 -0.8267409402058522 0.2690867131104487
vn -0.319890166619893 -0.13642288244273587 0.9375815049615219
vn -0.319890166619893 -0.13642288244273587 0.9375815049615219
vn -0.319890166619893 -0.13642288244273587 0.9375815049615219
vn -0.319890166619893 -0.13642288244273587 0.9375815049615219
vn -0.319890166619893 -0.13642288244273587 0.9375815049615219
vn -0.319890166619893 -0.13642288244273587 0.9375815049615219
vn 0.614129775795516 -0.1364251929594998 -0.7773241185035445
vn 0.614129775795516 -0.1364251929594998 -0.7773241185035445
vn 0.614129775795516 -0.1364251929594998 -0.7773241185035445
vn 0.614129775795516 -0.1364251929594998 -0.7773241185035445
vn 0.614129775795516 -0.1364251929594998 -0.7773241185035445
vn 0.614129775795516 -0.1364251929594998 -0.7773241185035445
vn -0.43655731398879843 -0.8676881366886168 -0.23777091717180637
vn -0.43655731398879843 -0.8676881366886168 -0.23777091717180637
vn -0.43655731398879843 -0.8676881366886168 -0.23777091717180637
vn -0.43655731398879843 -0.8676881366886168 -0.23777091717180637
vn -0.43655731398879843 -0.8676881366886168 -0.23777091717180637
vn -0.43655731398879843 -0.8676881366886168 -0.23777091717180637
vn 0.8781930897820773 3.876745173933481e-8 0.4783062795521367
vn 0.8781930897820773 3.876745173933481e-8 0.4783062795521367
vn 0.8781930897820773 3.876745173933481e-8 0.4783062795521367
vn 0.8781930897820773 3.876745173933481e-8 0.4783062795521367
vn 0.8781930897820773 3.876745173933481e-8 0.4783062795521367
vn 0.8781930897820773 3.876745173933481e-8 0.4783062795521367
vn -4.7445105954208287e-7 -0.999999999999834 -3.267955974474128e-7
vn -4.7445105954208287e-7 -0.999999999999834 -3.267955974474128e-7
vn -4.7445105954208287e-7 -0.999999999999834 -3.267955974474128e-7
vn -4.7445105954208287e-7 -0.999999999999834 -3.267955974474128e-7
vn -4.7445105954208287e-7 -0.999999999999834 -3.267955974474128e-7
vn -4.7445105954208287e-7 -0.999999999999834 -3.267955974474128e-7
vn 0.013547421538151833 0.08303515375769945 -0.9964545301267403
vn 0.013547421538151833 0.08303515375769945 -0.9964545301267403
vn 0.013547421538151833 0.08303515375769945 -0.9964545301267403
vn 0.013547421538151833 0.08303515375769945 -0.9964545301267403
vn 0.013547421538151833 0.08303515375769945 -0.9964545301267403
vn 0.013547421538151833 0.08303515375769945 -0.9964545301267403
vn -0.9999075771957917 2.2150463418173918e-8 -0.013595479632634454
vn -0.9999075771957917 2.2150463418173918e-8 -0.013595479632634454
vn -0.9999075771957917 2.2150463418173918e-8 -0.013595479632634454
vn -0.9999075771957917 2.2150463418173918e-8 -0.013595479632634454
vn -0.9999075771957917 2.2150463418173918e-8 -0.013595479632634454
vn -0.9999075771957917 2.2150463418173918e-8 -0.013595479632634454
vn 0.013594195604355154 -9.001302743332385e-8 -0.999907594653557
vn 0.013594195604355154 -9.001302743332385e-8 -0.999907594653557
vn 0.013594195604355154 -9.001302743332385e-8 -0.999907594653557
vn 0.013594195604355154 -9.001302743332385e-8 -0.999907594653557
vn 0.013594195604355154 -9.001302743332385e-8 -0.999907594653557
vn 0.013594195604355154 -9.001302743332385e-8 -0.999907594653557
vn 0.9999075866042862 -1.439502669143443e-7 0.01359478764714888
vn 0.9999075866042862 -1.439502669143443e-7 0.01359478764714888
vn 0.9999075866042862 -1.439502669143443e-7 0.01359478764714888
vn 0.9999075866042862 -1.439502669143443e-7 0.01359478764714888
vn 0.9999075866042862 -1.439502669143443e-7 0.01359478764714888
vn 0.9999075866042862 -1.439502669143443e-7 0.01359478764714888
vn -0.9999075778800705 0.0000019114821641932043 -0.013595429171485646
vn -0.9999075778800705 0.0000019114821641932043 -0.013595429171485646
vn -0.9999075778800705 0.0000019114821641932043 -0.013595429171485646
vn -0.9999075778800705 0.0000019114821641932043 -0.013595429171485646
vn -0.9999075778800705 0.0000019114821641932043 -0.013595429171485646
vn -0.9999075778800705 0.0000019114821641932043 -0.013595429171485646
vn -0.9999075771957917 2.2150463418173918e-8 -0.013595479632634454
vn -0.9999075771957917 2.2150463418173918e-8 -0.013595479632634454
vn -0.9999075778800705 0.0000019114821641932043 -0.013595429171485646
vn -0.9999075771957917 2.2150463418173918e-8 -0.013595479632634454
vn -0.9999075778800705 0.0000019114821641932043 -0.013595429171485646
vn -0.9999075778800705 0.0000019114821641932043 -0.013595429171485646
vn 0.9999075866042862 -1.439502669143443e-7 0.01359478764714888
vn 0.9999075866042862 -1.439502669143443e-7 0.01359478764714888
vn 0.9999075850400615 -2.8575514268278017e-8 0.013594902697399864
vn 0.9999075866042862 -1.439502669143443e-7 0.01359478764714888
vn 0.9999075850400615 -2.8575514268278017e-8 0.013594902697399864
vn 0.9999075850400615 -2.8575514268278017e-8 0.013594902697399864
vn -0.013502949538672234 0.1156419695062613 0.9931991770246635
vn -0.013502949538672234 0.1156419695062613 0.9931991770246635
vn -0.013502949538672234 0.1156419695062613 0.9931991770246635
vn -0.013502949538672234 0.1156419695062613 0.9931991770246635
vn -0.013502949538672234 0.1156419695062613 0.9931991770246635
vn -0.013502949538672234 0.1156419695062613 0.9931991770246635
vn 0.9999075918546257 -7.648094393457566e-7 0.013594401454215999
vn 0.9999075918546257 -7.648094393457566e-7 0.013594401454215999
vn 0.9999075918546257 -7.648094393457566e-7 0.013594401454215999
vn 0.9999075918546257 -7.648094393457566e-7 0.013594401454215999
vn 0.9999075918546257 -7.648094393457566e-7 0.013594401454215999
vn 0.9999075918546257 -7.648094393457566e-7 0.013594401454215999
vn 0.9999075850400615 -2.8575514268278017e-8 0.013594902697399864
vn 0.9999075850400615 -2.8575514268278017e-8 0.013594902697399864
vn 0.9999075918546257 -7.648094393457566e-7 0.013594401454215999
vn 0.9999075850400615 -2.8575514268278017e-8 0.013594902697399864
vn 0.9999075918546257 -7.648094393457566e-7 0.013594401454215999
vn 0.9999075918546257 -7.648094393457566e-7 0.013594401454215999
vn -0.0077190355546744955 -0.8231579208457718 0.5677600319139869
vn -0.0077190355546744955 -0.8231579208457718 0.5677600319139869
vn -0.0077190355546744955 -0.8231579208457718 0.5677600319139869
vn -0.0077190355546744955 -0.8231579208457718 0.5677600319139869
vn -0.0077190355546744955 -0.8231579208457718 0.5677600319139869
vn -0.0077190355546744955 -0.8231579208457718 0.5677600319139869
vn 0.007505377130453166 0.8337825681475513 -0.5520419353340867
vn 0.007505377130453166 0.8337825681475513 -0.5520419353340867
vn 0.007505377130453166 0.8337825681475513 -0.5520419353340867
vn 0.007505377130453166 0.8337825681475513 -0.5520419353340867
vn 0.007505377130453166 0.8337825681475513 -0.5520419353340867
vn 0.007505377130453166 0.8337825681475513 -0.5520419353340867
vn -0.0007031772366804301 0.9986609895459007 0.05172749269949149
vn -0.0007031772366804301 0.9986609895459007 0.05172749269949149
vn -0.0007031772366804301 0.9986609895459007 0.05172749269949149
vn -0.0007031772366804301 0.9986609895459007 0.05172749269949149
vn -0.0007031772366804301 0.9986609895459007 0.05172749269949149
vn -0.0007031772366804301 0.9986609895459007 0.05172749269949149
vn -0.004409509669421404 -0.9459326097057933 0.32433324547394554
vn -0.004409509669421404 -0.9459326097057933 0.32433324547394554
vn -0.004409509669421404 -0.9459326097057933 0.32433324547394554
vn -0.004409509669421404 -0.9459326097057933 0.32433324547394554
vn -0.004409509669421404 -0.9459326097057933 0.32433324547394554
vn -0.004409509669421404 -0.9459326097057933 0.32433324547394554
vn 0.0039959543564249056 0.9558237485772283 -0.29391324230894594
vn 0.0039959543564249056 0.9558237485772283 -0.29391324230894594
vn 0.0039959543564249056 0.9558237485772283 -0.29391324230894594
vn 0.0039959543564249056 0.9558237485772283 -0.29391324230894594
vn 0.0039959543564249056 0.9558237485772283 -0.29391324230894594
vn 0.0039959543564249056 0.9558237485772283 -0.29391324230894594
vn -0.9999075778800705 0.0000019114821641932043 -0.013595429171485646
vn -0.9999075778800705 0.0000019114821641932043 -0.013595429171485646
vn -0.9999075839428139 0.000002863325850068665 -0.013594983098418348
vn -0.9999075778800705 0.0000019114821641932043 -0.013595429171485646
vn -0.9999075839428139 0.000002863325850068665 -0.013594983098418348
vn -0.9999075839428139 0.000002863325850068665 -0.013594983098418348
vn 0.9871673451260802 -0.07592525941923532 0.1404848308496271
vn 0.9871673451260802 -0.07592525941923532 0.1404848308496271
vn 0.9871673451260802 -0.07592525941923532 0.1404848308496271
vn 0.9871673451260802 -0.07592525941923532 0.1404848308496271
vn 0.9871673451260802 -0.07592525941923532 0.1404848308496271
vn 0.9871673451260802 -0.07592525941923532 0.1404848308496271
vn -0.9999075839428139 0.000002863325850068665 -0.013594983098418348
vn -0.9999075839428139 0.000002863325850068665 -0.013594983098418348
vn -0.9999075975077353 0.0000030635893642881383 -0.013593985321586075
vn -0.9999075839428139 0.000002863325850068665 -0.013594983098418348
vn -0.9999075975077353 0.0000030635893642881383 -0.013593985321586075
vn -0.9999075975077353 0.0000030635893642881383 -0.013593985321586075
vn 0.9999075918546257 -7.648094393457566e-7 0.013594401454215999
vn 0.9999075918546257 -7.648094393457566e-7 0.013594401454215999
vn 0.999907596011688 -0.0000011180675155801927 0.013594095662335713
vn 0.9999075918546257 -7.648094393457566e-7 0.013594401454215999
vn 0.999907596011688 -0.0000011180675155801927 0.013594095662335713
vn 0.999907596011688 -0.0000011180675155801927 0.013594095662335713
vn 0.0005826367770475467 -0.9990807706000825 -0.04286343840071199
vn 0.0005826367770475467 -0.9990807706000825 -0.04286343840071199
vn 0.0005826367770475467 -0.9990807706000825 -0.04286343840071199
vn 0.0005826367770475467 -0.9990807706000825 -0.04286343840071199
vn 0.0005826367770475467 -0.9990807706000825 -0.04286343840071199
vn 0.0005826367770475467 -0.9990807706000825 -0.04286343840071199
vn 0.005798668575942079 -0.9044563203641559 -0.4265268338523119
vn 0.005798668575942079 -0.9044563203641559 -0.4265268338523119
vn 0.005798668575942079 -0.9044563203641559 -0.4265268338523119
vn 0.005798668575942079 -0.9044563203641559 -0.4265268338523119
vn 0.005798668575942079 -0.9044563203641559 -0.4265268338523119
vn 0.005798668575942079 -0.9044563203641559 -0.4265268338523119
vn 0.0026772530963814064 -0.9804137011150799 -0.19693097009279348
vn 0.0026772530963814064 -0.9804137011150799 -0.19693097009279348
vn 0.0026772530963814064 -0.9804137011150799 -0.19693097009279348
vn 0.0026772530963814064 -0.9804137011150799 -0.19693097009279348
vn 0.0026772530963814064 -0.9804137011150799 -0.19693097009279348
vn 0.0026772530963814064 -0.9804137011150799 -0.19693097009279348
vn -0.003759977205719363 0.9609872682097474 0.2765670495742028
vn -0.003759977205719363 0.9609872682097474 0.2765670495742028
vn -0.003759977205719363 0.9609872682097474 0.2765670495742028
vn -0.003759977205719363 0.9609872682097474 0.2765670495742028
vn -0.003759977205719363 0.9609872682097474 0.2765670495742028
vn -0.003759977205719363 0.9609872682097474 0.2765670495742028
vn -0.9906218190829776 -0.07592145826251222 0.11359728752054657
vn -0.9906218190829776 -0.07592145826251222 0.11359728752054657
vn -0.9906218190829776 -0.07592145826251222 0.11359728752054657
vn -0.9906218190829776 -0.07592145826251222 0.11359728752054657
vn -0.9906218190829776 -0.07592145826251222 0.11359728752054657
vn -0.9906218190829776 -0.07592145826251222 0.11359728752054657
vn -0.00721920533164201 0.8473478897933723 0.5309891116935437
vn -0.00721920533164201 0.8473478897933723 0.5309891116935437
vn -0.00721920533164201 0.8473478897933723 0.5309891116935437
vn -0.00721920533164201 0.8473478897933723 0.5309891116935437
vn -0.00721920533164201 0.8473478897933723 0.5309891116935437
vn -0.00721920533164201 0.8473478897933723 0.5309891116935437
vn -0.006974831028674332 0.8583536421446022 0.5130110883296944
vn -0.006974831028674332 0.8583536421446022 0.5130110883296944
vn -0.006974831028674332 0.8583536421446022 0.5130110883296944
vn -0.006974831028674332 0.8583536421446022 0.5130110883296944
vn -0.006974831028674332 0.8583536421446022 0.5130110883296944
vn -0.006974831028674332 0.8583536421446022 0.5130110883296944
vn -0.9831371116707567 -0.12699274747646638 0.131583668226952
vn -0.9831371116707567 -0.12699274747646638 0.131583668226952
vn -0.9831371116707567 -0.12699274747646638 0.131583668226952
vn -0.9831371116707567 -0.12699274747646638 0.131583668226952
vn -0.9831371116707567 -0.12699274747646638 0.131583668226952
vn -0.9831371116707567 -0.12699274747646638 0.131583668226952
vn 0.9791964240601896 -0.12699622867316973 0.15826029511702913
vn 0.9791964240601896 -0.12699622867316973 0.15826029511702913
vn 0.9791964240601896 -0.12699622867316973 0.15826029511702913
vn 0.9791964240601896 -0.12699622867316973 0.15826029511702913
vn 0.9791964240601896 -0.12699622867316973 0.15826029511702913
vn 0.9791964240601896 -0.12699622867316973 0.15826029511702913
vn -0.0063583580901136845 -0.8838751733358113 0.46767964381934274
vn -0.0063583580901136845 -0.8838751733358113 0.46767964381934274
vn -0.0063583580901136845 -0.8838751733358113 0.46767964381934274
vn -0.0063583580901136845 -0.8838751733358113 0.46767964381934274
vn -0.0063583580901136845 -0.8838751733358113 0.46767964381934274
vn -0.0063583580901136845 -0.8838751733358113 0.46767964381934274
vn -0.9651803649799744 -0.1956007347421542 0.1736871199181243
vn -0.9651803649799744 -0.1956007347421542 0.1736871199181243
vn -0.9651803649799744 -0.1956007347421542 0.1736871199181243
vn -0.9651803649799744 -0.1956007347421542 0.1736871199181243
vn -0.9651803649799744 -0.1956007347421542 0.1736871199181243
vn -0.9651803649799744 -0.1956007347421542 0.1736871199181243
vn 0.9601008197104467 -0.19560892410087155 0.19985886220887944
vn 0.9601008197104467 -0.19560892410087155 0.19985886220887944
vn 0.9601008197104467 -0.19560892410087155 0.19985886220887944
vn 0.9601008197104467 -0.19560892410087155 0.19985886220887944
vn 0.9601008197104467 -0.19560892410087155 0.19985886220887944
vn 0.9601008197104467 -0.19560892410087155 0.19985886220887944
vn 0.005532095845605413 -0.9134463959226714 -0.406921463788084
vn 0.005532095845605413 -0.9134463959226714 -0.406921463788084
vn 0.005532095845605413 -0.9134463959226714 -0.406921463788084
vn 0.005532095845605413 -0.9134463959226714 -0.406921463788084
vn 0.005532095845605413 -0.9134463959226714 -0.406921463788084
vn 0.005532095845605413 -0.9134463959226714 -0.406921463788084
vn -0.013594191849295464 7.196843557741293e-8 0.9999075947046104
vn -0.013594191849295464 7.196843557741293e-8 0.9999075947046104
vn -0.013594191849295464 7.196843557741293e-8 0.9999075947046104
vn -0.013594191849295464 7.196843557741293e-8 0.9999075947046104
vn -0.013594191849295464 7.196843557741293e-8 0.9999075947046104
vn -0.013594191849295464 7.196843557741293e-8 0.9999075947046104
vn -2.089889439593489e-7 -0.9999999999999717 -1.1410012404872013e-7
vn -2.089889439593489e-7 -0.9999999999999717 -1.1410012404872013e-7
vn -2.089889439593489e-7 -0.9999999999999717 -1.1410012404872013e-7
vn -2.089889439593489e-7 -0.9999999999999717 -1.1410012404872013e-7
vn -2.089889439593489e-7 -0.9999999999999717 -1.1410012404872013e-7
vn -2.089889439593489e-7 -0.9999999999999717 -1.1410012404872013e-7
vn 0.96672360873075 -0.009359014073839482 0.25565185932858286
vn 0.96672360873075 -0.009359014073839482 0.25565185932858286
vn 0.96672360873075 -0.009359014073839482 0.25565185932858286
vn 0.96672360873075 -0.009359014073839482 0.25565185932858286
vn 0.96672360873075 -0.009359014073839482 0.25565185932858286
vn 0.96672360873075 -0.009359014073839482 0.25565185932858286
vn 0.2794875845237026 -0.06566103700618729 -0.9579015180676863
vn 0.2794875845237026 -0.06566103700618729 -0.9579015180676863
vn 0.2794875845237026 -0.06566103700618729 -0.9579015180676863
vn 0.2794875845237026 -0.06566103700618729 -0.9579015180676863
vn 0.2794875845237026 -0.06566103700618729 -0.9579015180676863
vn 0.2794875845237026 -0.06566103700618729 -0.9579015180676863
vn 0.9685296682469615 -0.0074598670749609075 0.24878631817014032
vn 0.9685296682469615 -0.0074598670749609075 0.24878631817014032
vn 0.9685296682469615 -0.0074598670749609075 0.24878631817014032
vn 0.9685296682469615 -0.0074598670749609075 0.24878631817014032
vn 0.9685296682469615 -0.0074598670749609075 0.24878631817014032
vn 0.9685296682469615 -0.0074598670749609075 0.24878631817014032
vn -0.2734593579731007 -0.21632532126505288 0.937242409900721
vn -0.2734593579731007 -0.21632532126505288 0.937242409900721
vn -0.2734593579731007 -0.21632532126505288 0.937242409900721
vn -0.2734593579731007 -0.21632532126505288 0.937242409900721
vn -0.2734593579731007 -0.21632532126505288 0.937242409900721
vn -0.2734593579731007 -0.21632532126505288 0.937242409900721
vn 0.2783269745993229 -0.04595890437008378 -0.9593861966484035
vn 0.2783269745993229 -0.04595890437008378 -0.9593861966484035
vn 0.2783269745993229 -0.04595890437008378 -0.9593861966484035
vn 0.2783269745993229 -0.04595890437008378 -0.9593861966484035
vn 0.2783269745993229 -0.04595890437008378 -0.9593861966484035
vn 0.2783269745993229 -0.04595890437008378 -0.9593861966484035
vn 0.286249658315377 -0.12336863418892045 -0.9501796215519939
vn 0.286249658315377 -0.12336863418892045 -0.9501796215519939
vn 0.286249658315377 -0.12336863418892045 -0.9501796215519939
vn 0.286249658315377 -0.12336863418892045 -0.9501796215519939
vn 0.286249658315377 -0.12336863418892045 -0.9501796215519939
vn 0.286249658315377 -0.12336863418892045 -0.9501796215519939
vn -0.2737021683719701 0.03401891602360831 0.9612126905014626
vn -0.2737021683719701 0.03401891602360831 0.9612126905014626
vn -0.2737021683719701 0.03401891602360831 0.9612126905014626
vn -0.2737021683719701 0.03401891602360831 0.9612126905014626
vn -0.2737021683719701 0.03401891602360831 0.9612126905014626
vn -0.2737021683719701 0.03401891602360831 0.9612126905014626
vn -0.9656006810410683 -0.07605441149975303 -0.24865850330212164
vn -0.9656006810410683 -0.07605441149975303 -0.24865850330212164
vn -0.9656006810410683 -0.07605441149975303 -0.24865850330212164
vn -0.9656006810410683 -0.07605441149975303 -0.24865850330212164
vn -0.9656006810410683 -0.07605441149975303 -0.24865850330212164
vn -0.9656006810410683 -0.07605441149975303 -0.24865850330212164
vn -0.28009115034516957 -5.854381854273791e-7 0.9599734097869465
vn -0.28009115034516957 -5.854381854273791e-7 0.9599734097869465
vn -0.28009115034516957 -5.854381854273791e-7 0.9599734097869465
vn -0.28009115034516957 -5.854381854273791e-7 0.9599734097869465
vn -0.28009115034516957 -5.854381854273791e-7 0.9599734097869465
vn -0.28009115034516957 -5.854381854273791e-7 0.9599734097869465
vn -0.2748396418544597 0.017831651926063105 0.9613247128077486
vn -0.2748396418544597 0.017831651926063105 0.9613247128077486
vn -0.2748396418544597 0.017831651926063105 0.9613247128077486
vn -0.2748396418544597 0.017831651926063105 0.9613247128077486
vn -0.2748396418544597 0.017831651926063105 0.9613247128077486
vn -0.2748396418544597 0.017831651926063105 0.9613247128077486
vn -0.8149458155218298 -0.5324257936944218 -0.22888008207863908
vn -0.8149458155218298 -0.5324257936944218 -0.22888008207863908
vn -0.8149458155218298 -0.5324257936944218 -0.22888008207863908
vn -0.8149458155218298 -0.5324257936944218 -0.22888008207863908
vn -0.8149458155218298 -0.5324257936944218 -0.22888008207863908
vn -0.8149458155218298 -0.5324257936944218 -0.22888008207863908
vn 0.7028452837978431 0.6820945786151626 0.20187989713424434
vn 0.7028452837978431 0.6820945786151626 0.20187989713424434
vn 0.7028452837978431 0.6820945786151626 0.20187989713424434
vn 0.7028452837978431 0.6820945786151626 0.20187989713424434
vn 0.7028452837978431 0.6820945786151626 0.20187989713424434
vn 0.7028452837978431 0.6820945786151626 0.20187989713424434
vn -0.0796396681782 0.9965528535415086 -0.023236465969304128
vn -0.0796396681782 0.9965528535415086 -0.023236465969304128
vn -0.0796396681782 0.9965528535415086 -0.023236465969304128
vn -0.0796396681782 0.9965528535415086 -0.023236465969304128
vn -0.0796396681782 0.9965528535415086 -0.023236465969304128
vn -0.0796396681782 0.9965528535415086 -0.023236465969304128
vn -0.4633134571601846 -0.8758235766404672 -0.13518026118845017
vn -0.4633134571601846 -0.8758235766404672 -0.13518026118845017
vn -0.4633134571601846 -0.8758235766404672 -0.13518026118845017
vn -0.4633134571601846 -0.8758235766404672 -0.13518026118845017
vn -0.4633134571601846 -0.8758235766404672 -0.13518026118845017
vn -0.4633134571601846 -0.8758235766404672 -0.13518026118845017
vn 0.4253205189114684 0.8964947328773792 0.12409532672907321
vn 0.4253205189114684 0.8964947328773792 0.12409532672907321
vn 0.4253205189114684 0.8964947328773792 0.12409532672907321
vn 0.4253205189114684 0.8964947328773792 0.12409532672907321
vn 0.4253205189114684 0.8964947328773792 0.12409532672907321
vn 0.4253205189114684 0.8964947328773792 0.12409532672907321
vn 0.2800914076117267 0.0000012600859986929268 -0.9599733347236754
vn 0.2800914076117267 0.0000012600859986929268 -0.9599733347236754
vn 0.2800914076117267 0.0000012600859986929268 -0.9599733347236754
vn 0.2800914076117267 0.0000012600859986929268 -0.9599733347236754
vn 0.2800914076117267 0.0000012600859986929268 -0.9599733347236754
vn 0.2800914076117267 0.0000012600859986929268 -0.9599733347236754
vn -0.38632327250030496 -0.04193866502502347 0.9214095058661886
vn -0.38632327250030496 -0.04193866502502347 0.9214095058661886
vn -0.38632327250030496 -0.04193866502502347 0.9214095058661886
vn -0.38632327250030496 -0.04193866502502347 0.9214095058661886
vn -0.38632327250030496 -0.04193866502502347 0.9214095058661886
vn -0.38632327250030496 -0.04193866502502347 0.9214095058661886
vn 0.2800914076117267 0.0000012600859986929268 -0.9599733347236754
vn 0.2800914076117267 0.0000012600859986929268 -0.9599733347236754
vn 0.28009053697883673 0.000001403567364633926 -0.959973588747595
vn 0.2800914076117267 0.0000012600859986929268 -0.9599733347236754
vn 0.28009053697883673 0.000001403567364633926 -0.959973588747595
vn 0.28009053697883673 0.000001403567364633926 -0.959973588747595
vn -0.28009115034516957 -5.854381854273791e-7 0.9599734097869465
vn -0.28009115034516957 -5.854381854273791e-7 0.9599734097869465
vn -0.2800905682885737 -5.443259846353861e-7 0.9599735796132557
vn -0.28009115034516957 -5.854381854273791e-7 0.9599734097869465
vn -0.2800905682885737 -5.443259846353861e-7 0.9599735796132557
vn -0.2800905682885737 -5.443259846353861e-7 0.9599735796132557
vn 0.06603631415547635 -0.99763118001198 0.019267430567245565
vn 0.06603631415547635 -0.99763118001198 0.019267430567245565
vn 0.06603631415547635 -0.99763118001198 0.019267430567245565
vn 0.06603631415547635 -0.99763118001198 0.019267430567245565
vn 0.06603631415547635 -0.99763118001198 0.019267430567245565
vn 0.06603631415547635 -0.99763118001198 0.019267430567245565
vn 0.5798576188548722 -0.7969577728401581 0.16918466291485376
vn 0.5798576188548722 -0.7969577728401581 0.16918466291485376
vn 0.5798576188548722 -0.7969577728401581 0.16918466291485376
vn 0.5798576188548722 -0.7969577728401581 0.16918466291485376
vn 0.5798576188548722 -0.7969577728401581 0.16918466291485376
vn 0.5798576188548722 -0.7969577728401581 0.16918466291485376
vn 0.2949203072908945 -0.9516394495870499 0.08604865098943057
vn 0.2949203072908945 -0.9516394495870499 0.08604865098943057
vn 0.2949203072908945 -0.9516394495870499 0.08604865098943057
vn 0.2949203072908945 -0.9516394495870499 0.08604865098943057
vn 0.2949203072908945 -0.9516394495870499 0.08604865098943057
vn 0.2949203072908945 -0.9516394495870499 0.08604865098943057
vn -0.4030052409832422 0.9076125959267065 -0.11758465654677873
vn -0.4030052409832422 0.9076125959267065 -0.11758465654677873
vn -0.4030052409832422 0.9076125959267065 -0.11758465654677873
vn -0.4030052409832422 0.9076125959267065 -0.11758465654677873
vn -0.4030052409832422 0.9076125959267065 -0.11758465654677873
vn -0.4030052409832422 0.9076125959267065 -0.11758465654677873
vn 0.16978722069120242 -0.041936538112493406 -0.9845880491155151
vn 0.16978722069120242 -0.041936538112493406 -0.9845880491155151
vn 0.16978722069120242 -0.041936538112493406 -0.9845880491155151
vn 0.16978722069120242 -0.041936538112493406 -0.9845880491155151
vn 0.16978722069120242 -0.041936538112493406 -0.9845880491155151
vn 0.16978722069120242 -0.041936538112493406 -0.9845880491155151
vn -0.6812153621259822 0.7045855798674431 -0.1987581219634203
vn -0.6812153621259822 0.7045855798674431 -0.1987581219634203
vn -0.6812153621259822 0.7045855798674431 -0.1987581219634203
vn -0.6812153621259822 0.7045855798674431 -0.1987581219634203
vn -0.6812153621259822 0.7045855798674431 -0.1987581219634203
vn -0.6812153621259822 0.7045855798674431 -0.1987581219634203
vn -0.6650170765416435 0.7211823698291097 -0.1940316400891234
vn -0.6650170765416435 0.7211823698291097 -0.1940316400891234
vn -0.6650170765416435 0.7211823698291097 -0.1940316400891234
vn -0.6650170765416435 0.7211823698291097 -0.1940316400891234
vn -0.6650170765416435 0.7211823698291097 -0.1940316400891234
vn -0.6650170765416435 0.7211823698291097 -0.1940316400891234
vn 0.15301550230644934 -0.07044176905874251 -0.9857100046290388
vn 0.15301550230644934 -0.07044176905874251 -0.9857100046290388
vn 0.15301550230644934 -0.07044176905874251 -0.9857100046290388
vn 0.15301550230644934 -0.07044176905874251 -0.9857100046290388
vn 0.15301550230644934 -0.07044176905874251 -0.9857100046290388
vn 0.15301550230644934 -0.07044176905874251 -0.9857100046290388
vn -0.40106593721663736 -0.07044301772237818 0.9133366823131024
vn -0.40106593721663736 -0.07044301772237818 0.9133366823131024
vn -0.40106593721663736 -0.07044301772237818 0.9133366823131024
vn -0.40106593721663736 -0.07044301772237818 0.9133366823131024
vn -0.40106593721663736 -0.07044301772237818 0.9133366823131024
vn -0.40106593721663736 -0.07044301772237818 0.9133366823131024
vn -0.6218974719952898 -0.7617869536329487 -0.181450190411858
vn -0.6218974719952898 -0.7617869536329487 -0.181450190411858
vn -0.6218974719952898 -0.7617869536329487 -0.181450190411858
vn -0.6218974719952898 -0.7617869536329487 -0.181450190411858
vn -0.6218974719952898 -0.7617869536329487 -0.181450190411858
vn -0.6218974719952898 -0.7617869536329487 -0.181450190411858
vn 0.11303326743896787 -0.1095308480768707 -0.9875355556999618
vn 0.11303326743896787 -0.1095308480768707 -0.9875355556999618
vn 0.11303326743896787 -0.1095308480768707 -0.9875355556999618
vn 0.11303326743896787 -0.1095308480768707 -0.9875355556999618
vn 0.11303326743896787 -0.1095308480768707 -0.9875355556999618
vn 0.11303326743896787 -0.1095308480768707 -0.9875355556999618
vn -0.43575649894223867 -0.10953307880479081 0.8933749371216692
vn -0.43575649894223867 -0.10953307880479081 0.8933749371216692
vn -0.43575649894223867 -0.10953307880479081 0.8933749371216692
vn -0.43575649894223867 -0.10953307880479081 0.8933749371216692
vn -0.43575649894223867 -0.10953307880479081 0.8933749371216692
vn -0.43575649894223867 -0.10953307880479081 0.8933749371216692
vn 0.558844217551886 -0.8130847512877807 0.16305314388906525
vn 0.558844217551886 -0.8130847512877807 0.16305314388906525
vn 0.558844217551886 -0.8130847512877807 0.16305314388906525
vn 0.558844217551886 -0.8130847512877807 0.16305314388906525
vn 0.558844217551886 -0.8130847512877807 0.16305314388906525
vn 0.558844217551886 -0.8130847512877807 0.16305314388906525
vn -0.9629286248674698 -0.10782167853644456 -0.2472710032503348
vn -0.9629286248674698 -0.10782167853644456 -0.2472710032503348
vn -0.9629286248674698 -0.10782167853644456 -0.2472710032503348
vn -0.9629286248674698 -0.10782167853644456 -0.2472710032503348
vn -0.9629286248674698 -0.10782167853644456 -0.2472710032503348
vn -0.9629286248674698 -0.10782167853644456 -0.2472710032503348
vn -0.00007444393685951845 -0.9999999648813448 0.00025435292297568325
vn -0.00007444393685951845 -0.9999999648813448 0.00025435292297568325
vn -0.00007444393685951845 -0.9999999648813448 0.00025435292297568325
vn -0.00007444393685951845 -0.9999999648813448 0.00025435292297568325
vn -0.00007444393685951845 -0.9999999648813448 0.00025435292297568325
vn -0.00007444393685951845 -0.9999999648813448 0.00025435292297568325
f 1//1 2//2 3//3
f 4//4 5//5 6//6
f 7//7 8//8 9//9
f 10//10 11//11 12//12
f 13//13 14//14 15//15
f 16//16 17//17 18//18
f 19//19 20//20 21//21
f 22//22 23//23 24//24
f 25//25 26//26 27//27
f 28//28 29//29 30//30
f 31//31 32//32 33//33
f 34//34 35//35 36//36
f 37//37 38//38 39//39
f 40//40 41//41 42//42
f 43//43 44//44 45//45
f 46//46 47//47 48//48
f 49//49 50//50 51//51
f 52//52 53//53 54//54
f 55//55 56//56 57//57
f 58//58 59//59 60//60
f 61//61 62//62 63//63
f 64//64 65//65 66//66
f 67//67 68//68 69//69
f 70//70 71//71 72//72
f 73//73 74//74 75//75
f 76//76 77//77 78//78
f 79//79 80//80 81//81
f 82//82 83//83 84//84
f 85//85 86//86 87//87
f 88//88 89//89 90//90
f 91//91 92//92 93//93
f 94//94 95//95 96//96
f 97//97 98//98 99//99
f 100//100 101//101 102//102
f 103//103 104//104 105//105
f 106//106 107//107 108//108
f 109//109 110//110 111//111
f 112//112 113//113 114//114
f 115//115 116//116 117//117
f 118//118 119//119 120//120
f 121//121 122//122 123//123
f 124//124 125//125 126//126
f 127//127 128//128 129//129
f 130//130 131//131 132//132
f 133//133 134//134 135//135
f 136//136 137//137 138//138
f 139//139 140//140 141//141
f 142//142 143//143 144//144
f 145//145 146//146 147//147
f 148//148 149//149 150//150
f 151//151 152//152 153//153
f 154//154 155//155 156//156
f 157//157 158//158 159//159
f 160//160 161//161 162//162
f 163//163 164//164 165//165
f 166//166 167//167 168//168
f 169//169 170//170 171//171
f 172//172 173//173 174//174
f 175//175 176//176 177//177
f 178//178 179//179 180//180
f 181//181 182//182 183//183
f 184//184 185//185 186//186
f 187//187 188//188 189//189
f 190//190 191//191 192//192
f 193//193 194//194 195//195
f 196//196 197//197 198//198
f 199//199 200//200 201//201
f 202//202 203//203 204//204
f 205//205 206//206 207//207
f 208//208 209//209 210//210
f 211//211 212//212 213//213
f 214//214 215//215 216//216
f 217//217 218//218 219//219
f 220//220 221//221 222//222
f 223//223 224//224 225//225
f 226//226 227//227 228//228
f 229//229 230//230 231//231
f 232//232 233//233 234//234
f 235//235 236//236 237//237
f 238//238 239//239 240//240
f 241//241 242//242 243//243
f 244//244 245//245 246//246
f 247//247 248//248 249//249
f 250//250 251//251 252//252
f 253//253 254//254 255//255
f 256//256 257//257 258//258
f 259//259 260//260 261//261
f 262//262 263//263 264//264
f 265//265 266//266 267//267
f 268//268 269//269 270//270
f 271//271 272//272 273//273
f 274//274 275//275 276//276
f 277//277 278//278 279//279
f 280//280 281//281 282//282
f 283//283 284//284 285//285
f 286//286 287//287 288//288
f 289//289 290//290 291//291
f 292//292 293//293 294//294
f 295//295 296//296 297//297
f 298//298 299//299 300//300
f 301//301 302//302 303//303
f 304//304 305//305 306//306
f 307//307 308//308 309//309
f 310//310 311//311 312//312
f 313//313 314//314 315//315
f 316//316 317//317 318//318
f 319//319 320//320 321//321
f 322//322 323//323 324//324
f 325//325 326//326 327//327
f 328//328 329//329 330//330
f 331//331 332//332 333//333
f 334//334 335//335 336//336
f 337//337 338//338 339//339
f 340//340 341//341 342//342
f 343//343 344//344 345//345
f 346//346 347//347 348//348
f 349//349 350//350 351//351
f 352//352 353//353 354//354
f 355//355 356//356 357//357
f 358//358 359//359 360//360
f 361//361 362//362 363//363
f 364//364 365//365 366//366
f 367//367 368//368 369//369
f 370//370 371//371 372//372
f 373//373 374//374 375//375
f 376//376 377//377 378//378
f 379//379 380//380 381//381
f 382//382 383//383 384//384
f 385//385 386//386 387//387
f 388//388 389//389 390//390
f 391//391 392//392 393//393
f 394//394 395//395 396//396
f 397//397 398//398 399//399
f 400//400 401//401 402//402
f 403//403 404//404 405//405
f 406//406 407//407 408//408
f 409//409 410//410 411//411
f 412//412 413//413 414//414
f 415//415 416//416 417//417
f 418//418 419//419 420//420
f 421//421 422//422 423//423
f 424//424 425//425 426//426
f 427//427 428//428 429//429
f 430//430 431//431 432//432
f 433//433 434//434 435//435
f 436//436 437//437 438//438
f 439//439 440//440 441//441
f 442//442 443//443 444//444
f 445//445 446//446 447//447
f 448//448 449//449 450//450
f 451//451 452//452 453//453
f 454//454 455//455 456//456
f 457//457 458//458 459//459
f 460//460 461//461 462//462
f 463//463 464//464 465//465
f 466//466 467//467 468//468
f 469//469 470//470 471//471
f 472//472 473//473 474//474
f 475//475 476//476 477//477
f 478//478 479//479 480//480
f 481//481 482//482 483//483
f 484//484 485//485 486//486
f 487//487 488//488 489//489
f 490//490 491//491 492//492
f 493//493 494//494 495//495
f 496//496 497//497 498//498
f 499//499 500//500 501//501
f 502//502 503//503 504//504
f 505//505 506//506 507//507
f 508//508 509//509 510//510
f 511//511 512//512 513//513
f 514//514 515//515 516//516
f 517//517 518//518 519//519
f 520//520 521//521 522//522
f 523//523 524//524 525//525
f 526//526 527//527 528//528
f 529//529 530//530 531//531
f 532//532 533//533 534//534
f 535//535 536//536 537//537
f 538//538 539//539 540//540
f 541//541 542//542 543//543
f 544//544 545//545 546//546
f 547//547 548//548 549//549
f 550//550 551//551 552//552
f 553//553 554//554 555//555
f 556//556 557//557 558//558
f 559//559 560//560 561//561
f 562//562 563//563 564//564
f 565//565 566//566 567//567
f 568//568 569//569 570//570
f 571//571 572//572 573//573
f 574//574 575//575 576//576
f 577//577 578//578 579//579
f 580//580 581//581 582//582
f 583//583 584//584 585//585
f 586//586 587//587 588//588
f 589//589 590//590 591//591
f 592//592 593//593 594//594
f 595//595 596//596 597//597
f 598//598 599//599 600//600
f 601//601 602//602 603//603
f 604//604 605//605 606//606
f 607//607 608//608 609//609
f 610//610 611//611 612//612
f 613//613 614//614 615//615
f 616//616 617//617 618//618
f 619//619 620//620 621//621
f 622//622 623//623 624//624
f 625//625 626//626 627//627
f 628//628 629//629 630//630
f 631//631 632//632 633//633
f 634//634 635//635 636//636
f 637//637 638//638 639//639
f 640//640 641//641 642//642
f 643//643 644//644 645//645
f 646//646 647//647 648//648
f 649//649 650//650 651//651
f 652//652 653//653 654//654
f 655//655 656//656 657//657
f 658//658 659//659 660//660
f 661//661 662//662 663//663
f 664//664 665//665 666//666
f 667//667 668//668 669//669
f 670//670 671//671 672//672
f 673//673 674//674 675//675
f 676//676 677//677 678//678
f 679//679 680//680 681//681
f 682//682 683//683 684//684
f 685//685 686//686 687//687
f 688//688 689//689 690//690
f 691//691 692//692 693//693
f 694//694 695//695 696//696
f 697//697 698//698 699//699
f 700//700 701//701 702//702
f 703//703 704//704 705//705
f 706//706 707//707 708//708
f 709//709 710//710 711//711
f 712//712 713//713 714//714
f 715//715 716//716 717//717
f 718//718 719//719 720//720
f 721//721 722//722 723//723
f 724//724 725//725 726//726
f 727//727 728//728 729//729
f 730//730 731//731 732//732
f 733//733 734//734 735//735
f 736//736 737//737 738//738
f 739//739 740//740 741//741
f 742//742 743//743 744//744
f 745//745 746//746 747//747
f 748//748 749//749 750//750
f 751//751 752//752 753//753
f 754//754 755//755 756//756
f 757//757 758//758 759//759
f 760//760 761//761 762//762
f 763//763 764//764 765//765
f 766//766 767//767 768//768
f 769//769 770//770 771//771
f 772//772 773//773 774//774
f 775//775 776//776 777//777
f 778//778 779//779 780//780
f 781//781 782//782 783//783
f 784//784 785//785 786//786
f 787//787 788//788 789//789
f 790//790 791//791 792//792
f 793//793 794//794 795//795
f 796//796 797//797 798//798
f 799//799 800//800 801//801
f 802//802 803//803 804//804
f 805//805 806//806 807//807
f 808//808 809//809 810//810
f 811//811 812//812 813//813
f 814//814 815//815 816//816
f 817//817 818//818 819//819
f 820//820 821//821 822//822
f 823//823 824//824 825//825
f 826//826 827//827 828//828
f 829//829 830//830 831//831
f 832//832 833//833 834//834
f 835//835 836//836 837//837
f 838//838 839//839 840//840
f 841//841 842//842 843//843
f 844//844 845//845 846//846
f 847//847 848//848 849//849
f 850//850 851//851 852//852
f 853//853 854//854 855//855
f 856//856 857//857 858//858
f 859//859 860//860 861//861
f 862//862 863//863 864//864
f 865//865 866//866 867//867
f 868//868 869//869 870//870
f 871//871 872//872 873//873
f 874//874 875//875 876//876
f 877//877 878//878 879//879
f 880//880 881//881 882//882
f 883//883 884//884 885//885
f 886//886 887//887 888//888
f 889//889 890//890 891//891
f 892//892 893//893 894//894
f 895//895 896//896 897//897
f 898//898 899//899 900//900
f 901//901 902//902 903//903
f 904//904 905//905 906//906
f 907//907 908//908 909//909
f 910//910 911//911 912//912
f 913//913 914//914 915//915
f 916//916 917//917 918//918
f 919//919 920//920 921//921
f 922//922 923//923 924//924
f 925//925 926//926 927//927
f 928//928 929//929 930//930
f 931//931 932//932 933//933
f 934//934 935//935 936//936
f 937//937 938//938 939//939
f 940//940 941//941 942//942
f 943//943 944//944 945//945
f 946//946 947//947 948//948
f 949//949 950//950 951//951
f 952//952 953//953 954//954
f 955//955 956//956 957//957
f 958//958 959//959 960//960
f 961//961 962//962 963//963
f 964//964 965//965 966//966
f 967//967 968//968 969//969
f 970//970 971//971 972//972
f 973//973 974//974 975//975
f 976//976 977//977 978//978
f 979//979 980//980 981//981
f 982//982 983//983 984//984
f 985//985 986//986 987//987
f 988//988 989//989 990//990
f 991//991 992//992 993//993
f 994//994 995//995 996//996
f 997//997 998//998 999//999
f 1000//1000 1001//1001 1002//1002
f 1003//1003 1004//1004 1005//1005
f 1006//1006 1007//1007 1008//1008
f 1009//1009 1010//1010 1011//1011
f 1012//1012 1013//1013 1014//1014
f 1015//1015 1016//1016 1017//1017
f 1018//1018 1019//1019 1020//1020
f 1021//1021 1022//1022 1023//1023
f 1024//1024 1025//1025 1026//1026
f 1027//1027 1028//1028 1029//1029
f 1030//1030 1031//1031 1032//1032
f 1033//1033 1034//1034 1035//1035
f 1036//1036 1037//1037 1038//1038
f 1039//1039 1040//1040 1041//1041
f 1042//1042 1043//1043 1044//1044
f 1045//1045 1046//1046 1047//1047
f 1048//1048 1049//1049 1050//1050
f 1051//1051 1052//1052 1053//1053
f 1054//1054 1055//1055 1056//1056
f 1057//1057 1058//1058 1059//1059
f 1060//1060 1061//1061 1062//1062
f 1063//1063 1064//1064 1065//1065
f 1066//1066 1067//1067 1068//1068
f 1069//1069 1070//1070 1071//1071
f 1072//1072 1073//1073 1074//1074
f 1075//1075 1076//1076 1077//1077
f 1078//1078 1079//1079 1080//1080
f 1081//1081 1082//1082 1083//1083
f 1084//1084 1085//1085 1086//1086
f 1087//1087 1088//1088 1089//1089
f 1090//1090 1091//1091 1092//1092
f 1093//1093 1094//1094 1095//1095
f 1096//1096 1097//1097 1098//1098
f 1099//1099 1100//1100 1101//1101
f 1102//1102 1103//1103 1104//1104
f 1105//1105 1106//1106 1107//1107
f 1108//1108 1109//1109 1110//1110
f 1111//1111 1112//1112 1113//1113
f 1114//1114 1115//1115 1116//1116
f 1117//1117 1118//1118 1119//1119
f 1120//1120 1121//1121 1122//1122
f 1123//1123 1124//1124 1125//1125
f 1126//1126 1127//1127 1128//1128
f 1129//1129 1130//1130 1131//1131
f 1132//1132 1133//1133 1134//1134
f 1135//1135 1136//1136 1137//1137
f 1138//1138 1139//1139 1140//1140
f 1141//1141 1142//1142 1143//1143
f 1144//1144 1145//1145 1146//1146
f 1147//1147 1148//1148 1149//1149
f 1150//1150 1151//1151 1152//1152
f 1153//1153 1154//1154 1155//1155
f 1156//1156 1157//1157 1158//1158
f 1159//1159 1160//1160 1161//1161
f 1162//1162 1163//1163 1164//1164
f 1165//1165 1166//1166 1167//1167
f 1168//1168 1169//1169 1170//1170
f 1171//1171 1172//1172 1173//1173
f 1174//1174 1175//1175 1176//1176
f 1177//1177 1178//1178 1179//1179
f 1180//1180 1181//1181 1182//1182
f 1183//1183 1184//1184 1185//1185
f 1186//1186 1187//1187 1188//1188
f 1189//1189 1190//1190 1191//1191
f 1192//1192 1193//1193 1194//1194
f 1195//1195 1196//1196 1197//1197
f 1198//1198 1199//1199 1200//1200
f 1201//1201 1202//1202 1203//1203
f 1204//1204 1205//1205 1206//1206
f 1207//1207 1208//1208 1209//1209
f 1210//1210 1211//1211 1212//1212
f 1213//1213 1214//1214 1215//1215
f 1216//1216 1217//1217 1218//1218
f 1219//1219 1220//1220 1221//1221
f 1222//1222 1223//1223 1224//1224
o Cube003_2
usemtl Material.006
v -8.781038014060883 3.5953899879928777 -20.179223601126697
v 25.695963383434822 3.59538733715938 -15.96398882999151
v 25.949447098659547 43.88020991222494 -18.03726160787241
v -8.781038014060883 3.5953899879928777 -20.179223601126697
v 25.949447098659547 43.88020991222494 -18.03726160787241
v -8.527553752719488 43.88021256305855 -22.252492250415024
v 27.163950119797256 -38.044042838867774 -27.97075749449338
v 27.163953606072734 3.595385124824528 -27.970755592541206
v 25.695963383434822 3.59538733715938 -15.96398882999151
v 27.163950119797256 -38.044042838867774 -27.97075749449338
v 25.695963383434822 3.59538733715938 -15.96398882999151
v 25.69596848060101 -38.044042429382706 -15.963988216781695
v 25.69596848060101 -38.044042429382706 -15.963988216781695
v 25.695963383434822 3.59538733715938 -15.96398882999151
v -8.781038014060883 3.5953899879928777 -20.179223601126697
v 25.69596848060101 -38.044042429382706 -15.963988216781695
v -8.781038014060883 3.5953899879928777 -20.179223601126697
v -8.781038183928494 -38.04404158139856 -20.179218819305298
v -8.781038183928494 -38.04404158139856 -20.179218819305298
v -8.781038014060883 3.5953899879928777 -20.179223601126697
v -7.313061573756428 3.595389578508044 -32.185989997822034
v -8.781038183928494 -38.04404158139856 -20.179218819305298
v -7.313061573756428 3.595389578508044 -32.185989997822034
v -7.313055466715916 -38.04404199088366 -32.18598823992523
v 25.949447098659547 43.88020991222494 -18.03726160787241
v 27.66882327982457 32.42687346365157 -31.545087892691612
v 39.14721960576517 67.60641990641905 -50.18688614452672
v 25.949447098659547 43.88020991222494 -18.03726160787241
v 39.14721960576517 67.60641990641905 -50.18688614452672
v 43.68367945474884 90.05421980975417 -44.86862154479181
v 25.695963383434822 3.59538733715938 -15.96398882999151
v 27.163953606072734 3.595385124824528 -27.970755592541206
v 27.66882327982457 32.42687346365157 -31.545087892691612
v 25.695963383434822 3.59538733715938 -15.96398882999151
v 27.66882327982457 32.42687346365157 -31.545087892691612
v 25.949447098659547 43.88020991222494 -18.03726160787241
v -7.313061573756428 3.595389578508044 -32.185989997822034
v -8.781038014060883 3.5953899879928777 -20.179223601126697
v -8.527553752719488 43.88021256305855 -22.252492250415024
v -7.313061573756428 3.595389578508044 -32.185989997822034
v -8.527553752719488 43.88021256305855 -22.252492250415024
v -6.808193796705478 32.42687611448555 -35.760321133275966
v 27.163953606072734 3.595385124824528 -27.970755592541206
v -7.313061573756428 3.595389578508044 -32.185989997822034
v -6.808193796705478 32.42687611448555 -35.760321133275966
v 27.163953606072734 3.595385124824528 -27.970755592541206
v -6.808193796705478 32.42687611448555 -35.760321133275966
v 27.66882327982457 32.42687346365157 -31.545087892691612
v -2.75182047544482 67.60641733125416 -55.30953263363328
v -1.0654863100908685 90.05422091038902 -50.339736298669266
v 5.233635120716675 123.65425937077124 -99.22244979782086
v -2.75182047544482 67.60641733125416 -55.30953263363328
v 5.233635120716675 123.65425937077124 -99.22244979782086
v 5.125627629696744 101.54520777329112 -98.05501439934496
v -6.808193796705478 32.42687611448555 -35.760321133275966
v -8.527553752719488 43.88021256305855 -22.252492250415024
v -1.0654863100908685 90.05422091038902 -50.339736298669266
v -6.808193796705478 32.42687611448555 -35.760321133275966
v -1.0654863100908685 90.05422091038902 -50.339736298669266
v -2.75182047544482 67.60641733125416 -55.30953263363328
v 27.66882327982457 32.42687346365157 -31.545087892691612
v -6.808193796705478 32.42687611448555 -35.760321133275966
v -2.75182047544482 67.60641733125416 -55.30953263363328
v 27.66882327982457 32.42687346365157 -31.545087892691612
v -2.75182047544482 67.60641733125416 -55.30953263363328
v 39.14721960576517 67.60641990641905 -50.18688614452672
v -8.527553752719488 43.88021256305855 -22.252492250415024
v 25.949447098659547 43.88020991222494 -18.03726160787241
v 43.68367945474884 90.05421980975417 -44.86862154479181
v -8.527553752719488 43.88021256305855 -22.252492250415024
v 43.68367945474884 90.05421980975417 -44.86862154479181
v -1.0654863100908685 90.05422091038902 -50.339736298669266
v 5.233635120716675 123.65425937077124 -99.22244979782086
v 55.3216870700486 123.65425813882341 -93.09858002720098
v 61.1615258620178 119.64832464889398 -140.8635078573612
v 5.233635120716675 123.65425937077124 -99.22244979782086
v 61.1615258620178 119.64832464889398 -140.8635078573612
v 11.073469763376812 119.64834030363848 -146.98739169006024
v 39.14721960576517 67.60641990641905 -50.18688614452672
v -2.75182047544482 67.60641733125416 -55.30953263363328
v 5.125627629696744 101.54520777329112 -98.05501439934496
v 39.14721960576517 67.60641990641905 -50.18688614452672
v 5.125627629696744 101.54520777329112 -98.05501439934496
v 55.14533892736617 101.54520654302404 -91.93950411311641
v -1.0654863100908685 90.05422091038902 -50.339736298669266
v 43.68367945474884 90.05421980975417 -44.86862154479181
v 55.3216870700486 123.65425813882341 -93.09858002720098
v -1.0654863100908685 90.05422091038902 -50.339736298669266
v 55.3216870700486 123.65425813882341 -93.09858002720098
v 5.233635120716675 123.65425937077124 -99.22244979782086
v 43.68367945474884 90.05421980975417 -44.86862154479181
v 39.14721960576517 67.60641990641905 -50.18688614452672
v 55.14533892736617 101.54520654302404 -91.93950411311641
v 43.68367945474884 90.05421980975417 -44.86862154479181
v 55.14533892736617 101.54520654302404 -91.93950411311641
v 55.3216870700486 123.65425813882341 -93.09858002720098
v 10.43199187511449 98.65604601635725 -141.74050937387648
v 11.073469763376812 119.64834030363848 -146.98739169006024
v 20.962763575848207 101.0871942826926 -186.2056420775505
v 10.43199187511449 98.65604601635725 -141.74050937387648
v 20.962763575848207 101.0871942826926 -186.2056420775505
v 20.001052981848364 86.55316896160599 -178.33969747435242
v 55.3216870700486 123.65425813882341 -93.09858002720098
v 55.14533892736617 101.54520654302404 -91.93950411311641
v 60.52006369249774 98.6560303616117 -135.61664515951026
v 55.3216870700486 123.65425813882341 -93.09858002720098
v 60.52006369249774 98.6560303616117 -135.61664515951026
v 61.1615258620178 119.64832464889398 -140.8635078573612
v 5.125627629696744 101.54520777329112 -98.05501439934496
v 5.233635120716675 123.65425937077124 -99.22244979782086
v 11.073469763376812 119.64834030363848 -146.98739169006024
v 5.125627629696744 101.54520777329112 -98.05501439934496
v 11.073469763376812 119.64834030363848 -146.98739169006024
v 10.43199187511449 98.65604601635725 -141.74050937387648
v 55.14533892736617 101.54520654302404 -91.93950411311641
v 5.125627629696744 101.54520777329112 -98.05501439934496
v 10.43199187511449 98.65604601635725 -141.74050937387648
v 55.14533892736617 101.54520654302404 -91.93950411311641
v 10.43199187511449 98.65604601635725 -141.74050937387648
v 60.52006369249774 98.6560303616117 -135.61664515951026
v 60.05042738995024 86.55316797656582 -173.44317883104924
v 20.001052981848364 86.55316896160599 -178.33969747435242
v 30.417275277922652 60.63399165006502 -211.51833933276413
v 60.05042738995024 86.55316797656582 -173.44317883104924
v 30.417275277922652 60.63399165006502 -211.51833933276413
v 57.934513076105155 60.63398736756137 -208.15403279791616
v 60.52006369249774 98.6560303616117 -135.61664515951026
v 10.43199187511449 98.65604601635725 -141.74050937387648
v 20.001052981848364 86.55316896160599 -178.33969747435242
v 60.52006369249774 98.6560303616117 -135.61664515951026
v 20.001052981848364 86.55316896160599 -178.33969747435242
v 60.05042738995024 86.55316797656582 -173.44317883104924
v 11.073469763376812 119.64834030363848 -146.98739169006024
v 61.1615258620178 119.64832464889398 -140.8635078573612
v 61.01211287631756 101.08719329765353 -181.30911133854892
v 11.073469763376812 119.64834030363848 -146.98739169006024
v 61.01211287631756 101.08719329765353 -181.30911133854892
v 20.962763575848207 101.0871942826926 -186.2056420775505
v 61.1615258620178 119.64832464889398 -140.8635078573612
v 60.52006369249774 98.6560303616117 -135.61664515951026
v 60.05042738995024 86.55316797656582 -173.44317883104924
v 61.1615258620178 119.64832464889398 -140.8635078573612
v 60.05042738995024 86.55316797656582 -173.44317883104924
v 61.01211287631756 101.08719329765353 -181.30911133854892
v 31.07803884842223 70.62007648369324 -216.92289018626718
v 58.5952661674432 70.62007220119028 -213.5585705725307
v 53.17263855266144 35.50619181518603 -249.3459536167814
v 31.07803884842223 70.62007648369324 -216.92289018626718
v 53.17263855266144 35.50619181518603 -249.3459536167814
v 44.962954013624895 35.50619291853341 -250.349683624218
v 20.962763575848207 101.0871942826926 -186.2056420775505
v 61.01211287631756 101.08719329765353 -181.30911133854892
v 58.5952661674432 70.62007220119028 -213.5585705725307
v 20.962763575848207 101.0871942826926 -186.2056420775505
v 58.5952661674432 70.62007220119028 -213.5585705725307
v 31.07803884842223 70.62007648369324 -216.92289018626718
v 61.01211287631756 101.08719329765353 -181.30911133854892
v 60.05042738995024 86.55316797656582 -173.44317883104924
v 57.934513076105155 60.63398736756137 -208.15403279791616
v 61.01211287631756 101.08719329765353 -181.30911133854892
v 57.934513076105155 60.63398736756137 -208.15403279791616
v 58.5952661674432 70.62007220119028 -213.5585705725307
v 20.001052981848364 86.55316896160599 -178.33969747435242
v 20.962763575848207 101.0871942826926 -186.2056420775505
v 31.07803884842223 70.62007648369324 -216.92289018626718
v 20.001052981848364 86.55316896160599 -178.33969747435242
v 31.07803884842223 70.62007648369324 -216.92289018626718
v 30.417275277922652 60.63399165006502 -211.51833933276413
v 52.88343594288982 33.47965911512826 -246.98053900363317
v 44.67375140385326 33.47966021847563 -247.98426901106976
v 44.962954013624895 35.50619291853341 -250.349683624218
v 52.88343594288982 33.47965911512826 -246.98053900363317
v 44.962954013624895 35.50619291853341 -250.349683624218
v 53.17263855266144 35.50619181518603 -249.3459536167814
v 58.5952661674432 70.62007220119028 -213.5585705725307
v 57.934513076105155 60.63398736756137 -208.15403279791616
v 52.88343594288982 33.47965911512826 -246.98053900363317
v 58.5952661674432 70.62007220119028 -213.5585705725307
v 52.88343594288982 33.47965911512826 -246.98053900363317
v 53.17263855266144 35.50619181518603 -249.3459536167814
v 30.417275277922652 60.63399165006502 -211.51833933276413
v 31.07803884842223 70.62007648369324 -216.92289018626718
v 44.962954013624895 35.50619291853341 -250.349683624218
v 30.417275277922652 60.63399165006502 -211.51833933276413
v 44.962954013624895 35.50619291853341 -250.349683624218
v 44.67375140385326 33.47966021847563 -247.98426901106976
v 57.934513076105155 60.63398736756137 -208.15403279791616
v 30.417275277922652 60.63399165006502 -211.51833933276413
v 44.67375140385326 33.47966021847563 -247.98426901106976
v 57.934513076105155 60.63398736756137 -208.15403279791616
v 44.67375140385326 33.47966021847563 -247.98426901106976
v 52.88343594288982 33.47965911512826 -246.98053900363317
v 27.163953606072734 3.595385124824528 -27.970755592541206
v 27.163950119797256 -38.044042838867774 -27.97075749449338
v -7.313055466715916 -38.04404199088366 -32.18598823992523
v 27.163953606072734 3.595385124824528 -27.970755592541206
v -7.313055466715916 -38.04404199088366 -32.18598823992523
v -7.313061573756428 3.595389578508044 -32.185989997822034
v -7.313055466715916 -38.04404199088366 -32.18598823992523
v 27.163950119797256 -38.044042838867774 -27.97075749449338
v 25.69596848060101 -38.044042429382706 -15.963988216781695
v -7.313055466715916 -38.04404199088366 -32.18598823992523
v 25.69596848060101 -38.044042429382706 -15.963988216781695
v -8.781038183928494 -38.04404158139856 -20.179218819305298
v -20.80670188832991 -15.648101244068336 9.187641681806237
v 29.906599571560463 -15.64811085363305 -22.172851647633212
v 28.23888003861238 22.40716278434455 -24.86973624630089
v -20.80670188832991 -15.648101244068336 9.187641681806237
v 28.23888003861238 22.40716278434455 -24.86973624630089
v -22.474420360297074 22.407174760149367 6.490757262129044
v 20.248486345460186 -54.98302666097749 -37.791104867076015
v 20.248493107803924 -15.648114664139108 -37.79110826978878
v 29.906599571560463 -15.64811085363305 -22.172851647633212
v 20.248486345460186 -54.98302666097749 -37.791104867076015
v 29.906599571560463 -15.64811085363305 -22.172851647633212
v 29.9066022378148 -54.983026456171274 -22.172858810067883
v 29.9066022378148 -54.983026456171274 -22.172858810067883
v 29.906599571560463 -15.64811085363305 -22.172851647633212
v -20.80670188832991 -15.648101244068336 9.187641681806237
v 29.9066022378148 -54.983026456171274 -22.172858810067883
v -20.80670188832991 -15.648101244068336 9.187641681806237
v -20.806705375935984 -54.98302405800467 9.187640997366668
v -20.806705375935984 -54.98302405800467 9.187640997366668
v -20.80670188832991 -15.648101244068336 9.187641681806237
v -30.46482373011895 -15.648105054573556 -6.430601759992458
v -20.806705375935984 -54.98302405800467 9.187640997366668
v -30.46482373011895 -15.648105054573556 -6.430601759992458
v -30.46482487050237 -54.983024262810645 -6.430600563773531
v 28.23888003861238 22.40716278434455 -24.86973624630089
v 21.91621360895043 11.587710394374286 -35.09422841087742
v 4.8235973193008626 34.005185068800884 -62.73483755584578
v 28.23888003861238 22.40716278434455 -24.86973624630089
v 4.8235973193008626 34.005185068800884 -62.73483755584578
v 8.526974960158984 47.223876892091056 -56.746015603052776
v 29.906599571560463 -15.64811085363305 -22.172851647633212
v 20.248493107803924 -15.648114664139108 -37.79110826978878
v 21.91621360895043 11.587710394374286 -35.09422841087742
v 29.906599571560463 -15.64811085363305 -22.172851647633212
v 21.91621360895043 11.587710394374286 -35.09422841087742
v 28.23888003861238 22.40716278434455 -24.86973624630089
v -30.46482373011895 -15.648105054573556 -6.430601759992458
v -20.80670188832991 -15.648101244068336 9.187641681806237
v -22.474420360297074 22.407174760149367 6.490757262129044
v -30.46482373011895 -15.648105054573556 -6.430601759992458
v -22.474420360297074 22.407174760149367 6.490757262129044
v -28.797103365256284 11.587722708214352 -3.73371932589081
v 20.248493107803924 -15.648114664139108 -37.79110826978878
v -30.46482373011895 -15.648105054573556 -6.430601759992458
v -28.797103365256284 11.587722708214352 -3.73371932589081
v 20.248493107803924 -15.648114664139108 -37.79110826978878
v -28.797103365256284 11.587722708214352 -3.73371932589081
v 21.91621360895043 11.587710394374286 -35.09422841087742
v -45.88971985933175 34.00519648121627 -31.37432460807358
v -42.186331466744264 47.22388830450558 -25.38552088454986
v -67.91402751430529 62.267020053151704 -66.98997849873145
v -45.88971985933175 34.00519648121627 -31.37432460807358
v -67.91402751430529 62.267020053151704 -66.98997849873145
v -67.32579399046907 47.9808718765543 -66.03876813727726
v -28.797103365256284 11.587722708214352 -3.73371932589081
v -22.474420360297074 22.407174760149367 6.490757262129044
v -42.186331466744264 47.22388830450558 -25.38552088454986
v -28.797103365256284 11.587722708214352 -3.73371932589081
v -42.186331466744264 47.22388830450558 -25.38552088454986
v -45.88971985933175 34.00519648121627 -31.37432460807358
v 21.91621360895043 11.587710394374286 -35.09422841087742
v -28.797103365256284 11.587722708214352 -3.73371932589081
v -45.88971985933175 34.00519648121627 -31.37432460807358
v 21.91621360895043 11.587710394374286 -35.09422841087742
v -45.88971985933175 34.00519648121627 -31.37432460807358
v 4.8235973193008626 34.005185068800884 -62.73483755584578
v -22.474420360297074 22.407174760149367 6.490757262129044
v 28.23888003861238 22.40716278434455 -24.86973624630089
v 8.526974960158984 47.223876892091056 -56.746015603052776
v -22.474420360297074 22.407174760149367 6.490757262129044
v 8.526974960158984 47.223876892091056 -56.746015603052776
v -42.186331466744264 47.22388830450558 -25.38552088454986
v -67.91402751430529 62.267020053151704 -66.98997849873145
v -17.200716392956863 62.26701044358679 -98.35046945591722
v -43.64740732550561 59.66221669136235 -141.1176310494785
v -67.91402751430529 62.267020053151704 -66.98997849873145
v -43.64740732550561 59.66221669136235 -141.1176310494785
v -94.36072838087969 59.66223351232612 -109.7571373141659
v 4.8235973193008626 34.005185068800884 -62.73483755584578
v -45.88971985933175 34.00519648121627 -31.37432460807358
v -67.32579399046907 47.9808718765543 -66.03876813727726
v 4.8235973193008626 34.005185068800884 -62.73483755584578
v -67.32579399046907 47.9808718765543 -66.03876813727726
v -16.612477849163866 47.98085866128922 -97.39928460056909
v -42.186331466744264 47.22388830450558 -25.38552088454986
v 8.526974960158984 47.223876892091056 -56.746015603052776
v -17.200716392956863 62.26701044358679 -98.35046945591722
v -42.186331466744264 47.22388830450558 -25.38552088454986
v -17.200716392956863 62.26701044358679 -98.35046945591722
v -67.91402751430529 62.267020053151704 -66.98997849873145
v 8.526974960158984 47.223876892091056 -56.746015603052776
v 4.8235973193008626 34.005185068800884 -62.73483755584578
v -16.612477849163866 47.98085866128922 -97.39928460056909
v 8.526974960158984 47.223876892091056 -56.746015603052776
v -16.612477849163866 47.98085866128922 -97.39928460056909
v -17.200716392956863 62.26701044358679 -98.35046945591722
v -91.45559542104913 46.01235608783827 -105.05926061576963
v -94.36072838087969 59.66223351232612 -109.7571373141659
v -111.33303709749089 47.593174995376984 -148.56398911729644
v -91.45559542104913 46.01235608783827 -105.05926061576963
v -111.33303709749089 47.593174995376984 -148.56398911729644
v -106.97778196756065 38.142673424202584 -141.52109807824357
v -17.200716392956863 62.26701044358679 -98.35046945591722
v -16.612477849163866 47.98085866128922 -97.39928460056909
v -40.74228790387456 46.012344675423094 -136.41977593579549
v -17.200716392956863 62.26701044358679 -98.35046945591722
v -40.74228790387456 46.012344675423094 -136.41977593579549
v -43.64740732550561 59.66221669136235 -141.1176310494785
v -67.32579399046907 47.9808718765543 -66.03876813727726
v -67.91402751430529 62.267020053151704 -66.98997849873145
v -94.36072838087969 59.66223351232612 -109.7571373141659
v -67.32579399046907 47.9808718765543 -66.03876813727726
v -94.36072838087969 59.66223351232612 -109.7571373141659
v -91.45559542104913 46.01235608783827 -105.05926061576963
v -16.612477849163866 47.98085866128922 -97.39928460056909
v -67.32579399046907 47.9808718765543 -66.03876813727726
v -91.45559542104913 46.01235608783827 -105.05926061576963
v -16.612477849163866 47.98085866128922 -97.39928460056909
v -91.45559542104913 46.01235608783827 -105.05926061576963
v -40.74228790387456 46.012344675423094 -136.41977593579549
v -66.42847017025106 38.14266339385415 -166.59632886112058
v -106.97778196756065 38.142673424202584 -141.52109807824357
v -119.42815125312998 21.2891699964861 -175.8373521482135
v -66.42847017025106 38.14266339385415 -166.59632886112058
v -119.42815125312998 21.2891699964861 -175.8373521482135
v -91.56742085182564 21.28916191830163 -193.0661108672243
v -40.74228790387456 46.012344675423094 -136.41977593579549
v -91.45559542104913 46.01235608783827 -105.05926061576963
v -106.97778196756065 38.142673424202584 -141.52109807824357
v -40.74228790387456 46.012344675423094 -136.41977593579549
v -106.97778196756065 38.142673424202584 -141.52109807824357
v -66.42847017025106 38.14266339385415 -166.59632886112058
v -94.36072838087969 59.66223351232612 -109.7571373141659
v -43.64740732550561 59.66221669136235 -141.1176310494785
v -70.7837368696141 47.593165866454726 -173.63918621976197
v -94.36072838087969 59.66223351232612 -109.7571373141659
v -70.7837368696141 47.593165866454726 -173.63918621976197
v -111.33303709749089 47.593174995376984 -148.56398911729644
v -43.64740732550561 59.66221669136235 -141.1176310494785
v -40.74228790387456 46.012344675423094 -136.41977593579549
v -66.42847017025106 38.14266339385415 -166.59632886112058
v -43.64740732550561 59.66221669136235 -141.1176310494785
v -66.42847017025106 38.14266339385415 -166.59632886112058
v -70.7837368696141 47.593165866454726 -173.63918621976197
v -122.42057515543593 27.782448121364233 -180.676393122539
v -94.55984824456927 27.78244364888042 -197.90510900364293
v -123.49553812113476 4.950244746447481 -222.84690529683016
v -122.42057515543593 27.782448121364233 -180.676393122539
v -123.49553812113476 4.950244746447481 -222.84690529683016
v -131.8077042017758 4.950245139519215 -217.7067561173371
v -111.33303709749089 47.593174995376984 -148.56398911729644
v -70.7837368696141 47.593165866454726 -173.63918621976197
v -94.55984824456927 27.78244364888042 -197.90510900364293
v -111.33303709749089 47.593174995376984 -148.56398911729644
v -94.55984824456927 27.78244364888042 -197.90510900364293
v -122.42057515543593 27.782448121364233 -180.676393122539
v -70.7837368696141 47.593165866454726 -173.63918621976197
v -66.42847017025106 38.14266339385415 -166.59632886112058
v -91.56742085182564 21.28916191830163 -193.0661108672243
v -70.7837368696141 47.593165866454726 -173.63918621976197
v -91.56742085182564 21.28916191830163 -193.0661108672243
v -94.55984824456927 27.78244364888042 -197.90510900364293
v -106.97778196756065 38.142673424202584 -141.52109807824357
v -111.33303709749089 47.593174995376984 -148.56398911729644
v -122.42057515543593 27.782448121364233 -180.676393122539
v -106.97778196756065 38.142673424202584 -141.52109807824357
v -122.42057515543593 27.782448121364233 -180.676393122539
v -119.42815125312998 21.2891699964861 -175.8373521482135
v -122.18585331575574 3.6325275624243965 -220.7290146534103
v -130.49800891723527 3.63252795549543 -215.58887855280577
v -131.8077042017758 4.950245139519215 -217.7067561173371
v -122.18585331575574 3.6325275624243965 -220.7290146534103
v -131.8077042017758 4.950245139519215 -217.7067561173371
v -123.49553812113476 4.950244746447481 -222.84690529683016
v -94.55984824456927 27.78244364888042 -197.90510900364293
v -91.56742085182564 21.28916191830163 -193.0661108672243
v -122.18585331575574 3.6325275624243965 -220.7290146534103
v -94.55984824456927 27.78244364888042 -197.90510900364293
v -122.18585331575574 3.6325275624243965 -220.7290146534103
v -123.49553812113476 4.950244746447481 -222.84690529683016
v -119.42815125312998 21.2891699964861 -175.8373521482135
v -122.42057515543593 27.782448121364233 -180.676393122539
v -131.8077042017758 4.950245139519215 -217.7067561173371
v -119.42815125312998 21.2891699964861 -175.8373521482135
v -131.8077042017758 4.950245139519215 -217.7067561173371
v -130.49800891723527 3.63252795549543 -215.58887855280577
v -91.56742085182564 21.28916191830163 -193.0661108672243
v -119.42815125312998 21.2891699964861 -175.8373521482135
v -130.49800891723527 3.63252795549543 -215.58887855280577
v -91.56742085182564 21.28916191830163 -193.0661108672243
v -130.49800891723527 3.63252795549543 -215.58887855280577
v -122.18585331575574 3.6325275624243965 -220.7290146534103
v 20.248493107803924 -15.648114664139108 -37.79110826978878
v 20.248486345460186 -54.98302666097749 -37.791104867076015
v -30.46482487050237 -54.983024262810645 -6.430600563773531
v 20.248493107803924 -15.648114664139108 -37.79110826978878
v -30.46482487050237 -54.983024262810645 -6.430600563773531
v -30.46482373011895 -15.648105054573556 -6.430601759992458
v -30.46482487050237 -54.983024262810645 -6.430600563773531
v 20.248486345460186 -54.98302666097749 -37.791104867076015
v 29.9066022378148 -54.983026456171274 -22.172858810067883
v -30.46482487050237 -54.983024262810645 -6.430600563773531
v 29.9066022378148 -54.983026456171274 -22.172858810067883
v -20.806705375935984 -54.98302405800467 9.187640997366668
v 19.932672647338194 16.77332920884225 -38.063405023940916
v -30.356898753386375 16.773342883493644 -6.027824646088735
v -28.653277707936553 85.93932703979604 -3.353473082382692
v 19.932672647338194 16.77332920884225 -38.063405023940916
v -28.653277707936553 85.93932703979604 -3.353473082382692
v 21.63629331040815 85.93931021015769 -35.38905779318499
v -20.490882862378818 -54.718409002437966 9.459938985423655
v -20.490885484161453 16.773345331971644 9.459933049962164
v -30.356898753386375 16.773342883493644 -6.027824646088735
v -20.490882862378818 -54.718409002437966 9.459938985423655
v -30.356898753386375 16.773342883493644 -6.027824646088735
v -30.356908412852093 -54.718409197353566 -6.027817813158867
v -30.356908412852093 -54.718409197353566 -6.027817813158867
v -30.356898753386375 16.773342883493644 -6.027824646088735
v 19.932672647338194 16.77332920884225 -38.063405023940916
v -30.356908412852093 -54.718409197353566 -6.027817813158867
v 19.932672647338194 16.77332920884225 -38.063405023940916
v 19.932666194468815 -54.718411604195 -38.06340099056888
v 19.932666194468815 -54.718411604195 -38.06340099056888
v 19.932672647338194 16.77332920884225 -38.063405023940916
v 29.7987011583117 16.773331657319495 -22.575657933056522
v 19.932666194468815 -54.718411604195 -38.06340099056888
v 29.7987011583117 16.773331657319495 -22.575657933056522
v 29.798695810911582 -54.71841140927974 -22.57565167175992
v -28.653277707936553 85.93932703979604 -3.353473082382692
v -17.644645764722668 66.27482433314225 14.143197186913895
v -4.733937368800312 107.01889432309457 34.195243216955014
v -28.653277707936553 85.93932703979604 -3.353473082382692
v -4.733937368800312 107.01889432309457 34.195243216955014
v -8.517037718566634 131.04404330892453 28.256457813139228
v -30.356898753386375 16.773342883493644 -6.027824646088735
v -20.490885484161453 16.773345331971644 9.459933049962164
v -17.644645764722668 66.27482433314225 14.143197186913895
v -30.356898753386375 16.773342883493644 -6.027824646088735
v -17.644645764722668 66.27482433314225 14.143197186913895
v -28.653277707936553 85.93932703979604 -3.353473082382692
v 29.7987011583117 16.773331657319495 -22.575657933056522
v 19.932672647338194 16.77332920884225 -38.063405023940916
v 21.63629331040815 85.93931021015769 -35.38905779318499
v 29.7987011583117 16.773331657319495 -22.575657933056522
v 21.63629331040815 85.93931021015769 -35.38905779318499
v 32.644942446977645 66.27481471490168 -17.892394552086067
v -20.490885484161453 16.773345331971644 9.459933049962164
v 29.7987011583117 16.773331657319495 -22.575657933056522
v 32.644942446977645 66.27481471490168 -17.892394552086067
v -20.490885484161453 16.773345331971644 9.459933049962164
v 32.644942446977645 66.27481471490168 -17.892394552086067
v -17.644645764722668 66.27482433314225 14.143197186913895
v 45.555647513256254 107.01889191625257 2.159650823442025
v 41.772536343618626 131.04404090208345 -3.7791150635093054
v 68.05407007766652 158.38515015812587 37.47771737703651
v 45.555647513256254 107.01889191625257 2.159650823442025
v 68.05407007766652 158.38515015812587 37.47771737703651
v 67.45317078649745 132.41987528165674 36.53446450786006
v 32.644942446977645 66.27481471490168 -17.892394552086067
v 21.63629331040815 85.93931021015769 -35.38905779318499
v 41.772536343618626 131.04404090208345 -3.7791150635093054
v 32.644942446977645 66.27481471490168 -17.892394552086067
v 41.772536343618626 131.04404090208345 -3.7791150635093054
v 45.555647513256254 107.01889191625257 2.159650823442025
v -17.644645764722668 66.27482433314225 14.143197186913895
v 32.644942446977645 66.27481471490168 -17.892394552086067
v 45.555647513256254 107.01889191625257 2.159650823442025
v -17.644645764722668 66.27482433314225 14.143197186913895
v 45.555647513256254 107.01889191625257 2.159650823442025
v -4.733937368800312 107.01889432309457 34.195243216955014
v 21.63629331040815 85.93931021015769 -35.38905779318499
v -28.653277707936553 85.93932703979604 -3.353473082382692
v -8.517037718566634 131.04404330892453 28.256457813139228
v 21.63629331040815 85.93931021015769 -35.38905779318499
v -8.517037718566634 131.04404330892453 28.256457813139228
v 41.772536343618626 131.04404090208345 -3.7791150635093054
v 68.05407007766652 158.38515015812587 37.47771737703651
v 17.76449267260133 158.3851525649672 69.5132956284329
v 44.78049112843833 153.65095652710843 111.92311560829276
v 68.05407007766652 158.38515015812587 37.47771737703651
v 44.78049112843833 153.65095652710843 111.92311560829276
v 95.07008316197368 153.65092527467274 79.88753834008743
v -4.733937368800312 107.01889432309457 34.195243216955014
v 45.555647513256254 107.01889191625257 2.159650823442025
v 67.45317078649745 132.41987528165674 36.53446450786006
v -4.733937368800312 107.01889432309457 34.195243216955014
v 67.45317078649745 132.41987528165674 36.53446450786006
v 17.16358890661105 132.4198776884987 68.57005796460112
v 41.772536343618626 131.04404090208345 -3.7791150635093054
v -8.517037718566634 131.04404330892453 28.256457813139228
v 17.76449267260133 158.3851525649672 69.5132956284329
v 41.772536343618626 131.04404090208345 -3.7791150635093054
v 17.76449267260133 158.3851525649672 69.5132956284329
v 68.05407007766652 158.38515015812587 37.47771737703651
v -8.517037718566634 131.04404330892453 28.256457813139228
v -4.733937368800312 107.01889432309457 34.195243216955014
v 17.16358890661105 132.4198776884987 68.57005796460112
v -8.517037718566634 131.04404330892453 28.256457813139228
v 17.16358890661105 132.4198776884987 68.57005796460112
v 17.76449267260133 158.3851525649672 69.5132956284329
v 92.10241991314803 128.84208463602215 75.22891516572163
v 95.07008316197368 153.65092527467274 79.88753834008743
v 112.55961246084357 131.71526518992266 118.46407033214783
v 92.10241991314803 128.84208463602215 75.22891516572163
v 112.55961246084357 131.71526518992266 118.46407033214783
v 108.11060078489498 114.53885330094259 111.48001122356499
v 17.76449267260133 158.3851525649672 69.5132956284329
v 17.16358890661105 132.4198776884987 68.57005796460112
v 41.812824169550574 128.8421014656617 107.26451630517249
v 17.76449267260133 158.3851525649672 69.5132956284329
v 41.812824169550574 128.8421014656617 107.26451630517249
v 44.78049112843833 153.65095652710843 111.92311560829276
v 67.45317078649745 132.41987528165674 36.53446450786006
v 68.05407007766652 158.38515015812587 37.47771737703651
v 95.07008316197368 153.65092527467274 79.88753834008743
v 67.45317078649745 132.41987528165674 36.53446450786006
v 95.07008316197368 153.65092527467274 79.88753834008743
v 92.10241991314803 128.84208463602215 75.22891516572163
v 17.16358890661105 132.4198776884987 68.57005796460112
v 67.45317078649745 132.41987528165674 36.53446450786006
v 92.10241991314803 128.84208463602215 75.22891516572163
v 17.16358890661105 132.4198776884987 68.57005796460112
v 92.10241991314803 128.84208463602215 75.22891516572163
v 41.812824169550574 128.8421014656617 107.26451630517249
v 67.9000992204339 114.53885522540352 137.09501292782255
v 108.11060078489498 114.53885330094259 111.48001122356499
v 121.0185845239442 83.90738963861023 145.6267742001447
v 67.9000992204339 114.53885522540352 137.09501292782255
v 121.0185845239442 83.90738963861023 145.6267742001447
v 93.39063602273585 83.90739456657306 163.22638349918188
v 41.812824169550574 128.8421014656617 107.26451630517249
v 92.10241991314803 128.84208463602215 75.22891516572163
v 108.11060078489498 114.53885330094259 111.48001122356499
v 41.812824169550574 128.8421014656617 107.26451630517249
v 108.11060078489498 114.53885330094259 111.48001122356499
v 67.9000992204339 114.53885522540352 137.09501292782255
v 95.07008316197368 153.65092527467274 79.88753834008743
v 44.78049112843833 153.65095652710843 111.92311560829276
v 72.34909320887334 131.715267114383 144.07903638961358
v 95.07008316197368 153.65092527467274 79.88753834008743
v 72.34909320887334 131.715267114383 144.07903638961358
v 112.55961246084357 131.71526518992266 118.46407033214783
v 44.78049112843833 153.65095652710843 111.92311560829276
v 41.812824169550574 128.8421014656617 107.26451630517249
v 67.9000992204339 114.53885522540352 137.09501292782255
v 44.78049112843833 153.65095652710843 111.92311560829276
v 67.9000992204339 114.53885522540352 137.09501292782255
v 72.34909320887334 131.715267114383 144.07903638961358
v 124.07542882715289 95.70901279497176 150.4253954407729
v 96.44746045789267 95.70901411723608 168.0250102960643
v 125.71397656445411 54.211198111350654 192.57774614497194
v 124.07542882715289 95.70901279497176 150.4253954407729
v 125.71397656445411 54.211198111350654 192.57774614497194
v 133.95667684041052 54.21119771685794 187.32696287217306
v 112.55961246084357 131.71526518992266 118.46407033214783
v 72.34909320887334 131.715267114383 144.07903638961358
v 96.44746045789267 95.70901411723608 168.0250102960643
v 112.55961246084357 131.71526518992266 118.46407033214783
v 96.44746045789267 95.70901411723608 168.0250102960643
v 124.07542882715289 95.70901279497176 150.4253954407729
v 72.34909320887334 131.715267114383 144.07903638961358
v 67.9000992204339 114.53885522540352 137.09501292782255
v 93.39063602273585 83.90739456657306 163.22638349918188
v 72.34909320887334 131.715267114383 144.07903638961358
v 93.39063602273585 83.90739456657306 163.22638349918188
v 96.44746045789267 95.70901411723608 168.0250102960643
v 108.11060078489498 114.53885330094259 111.48001122356499
v 112.55961246084357 131.71526518992266 118.46407033214783
v 124.07542882715289 95.70901279497176 150.4253954407729
v 108.11060078489498 114.53885330094259 111.48001122356499
v 124.07542882715289 95.70901279497176 150.4253954407729
v 121.0185845239442 83.90738963861023 145.6267742001447
v 124.37605959736807 51.81622594111356 190.47754404563767
v 132.61878913026652 51.816225546620075 185.2267627392191
v 133.95667684041052 54.21119771685794 187.32696287217306
v 124.37605959736807 51.81622594111356 190.47754404563767
v 133.95667684041052 54.21119771685794 187.32696287217306
v 125.71397656445411 54.211198111350654 192.57774614497194
v 96.44746045789267 95.70901411723608 168.0250102960643
v 93.39063602273585 83.90739456657306 163.22638349918188
v 124.37605959736807 51.81622594111356 190.47754404563767
v 96.44746045789267 95.70901411723608 168.0250102960643
v 124.37605959736807 51.81622594111356 190.47754404563767
v 125.71397656445411 54.211198111350654 192.57774614497194
v 121.0185845239442 83.90738963861023 145.6267742001447
v 124.07542882715289 95.70901279497176 150.4253954407729
v 133.95667684041052 54.21119771685794 187.32696287217306
v 121.0185845239442 83.90738963861023 145.6267742001447
v 133.95667684041052 54.21119771685794 187.32696287217306
v 132.61878913026652 51.816225546620075 185.2267627392191
v 93.39063602273585 83.90739456657306 163.22638349918188
v 121.0185845239442 83.90738963861023 145.6267742001447
v 132.61878913026652 51.816225546620075 185.2267627392191
v 93.39063602273585 83.90739456657306 163.22638349918188
v 132.61878913026652 51.816225546620075 185.2267627392191
v 124.37605959736807 51.81622594111356 190.47754404563767
v -20.490885484161453 16.773345331971644 9.459933049962164
v -20.490882862378818 -54.718409002437966 9.459938985423655
v 29.798695810911582 -54.71841140927974 -22.57565167175992
v -20.490885484161453 16.773345331971644 9.459933049962164
v 29.798695810911582 -54.71841140927974 -22.57565167175992
v 29.7987011583117 16.773331657319495 -22.575657933056522
v 29.798695810911582 -54.71841140927974 -22.57565167175992
v -20.490882862378818 -54.718409002437966 9.459938985423655
v -30.356908412852093 -54.718409197353566 -6.027817813158867
v 29.798695810911582 -54.71841140927974 -22.57565167175992
v -30.356908412852093 -54.718409197353566 -6.027817813158867
v 19.932666194468815 -54.718411604195 -38.06340099056888
v -5.500338114793557 -4.699507542855844 -44.59518395781931
v -2.7210662231498226 -4.69949706362905 5.7892477014556185
v 0.3088001035138923 42.13201152205477 5.622114160628104
v -5.500338114793557 -4.699507542855844 -44.59518395781931
v 0.3088001035138923 42.13201152205477 5.622114160628104
v -2.470478447417797 42.13199923997851 -44.76231880767238
v 14.825536704403724 -53.10576836966588 4.821376980043471
v 14.825537248406837 -4.699501196283343 4.821380188170789
v -2.7210662231498226 -4.69949706362905 5.7892477014556185
v 14.825536704403724 -53.10576836966588 4.821376980043471
v -2.7210662231498226 -4.69949706362905 5.7892477014556185
v -2.7210655518717672 -53.105767842710506 5.789256204583843
v -2.7210655518717672 -53.105767842710506 5.789256204583843
v -2.7210662231498226 -4.69949706362905 5.7892477014556185
v -5.500338114793557 -4.699507542855844 -44.59518395781931
v -2.7210655518717672 -53.105767842710506 5.789256204583843
v -5.500338114793557 -4.699507542855844 -44.59518395781931
v -5.500342137960352 -53.10576930768917 -44.59517921600857
v -5.500342137960352 -53.10576930768917 -44.59517921600857
v -5.500338114793557 -4.699507542855844 -44.59518395781931
v 12.046257686619802 -4.699511675510433 -45.56306835417074
v -5.500342137960352 -53.10576930768917 -44.59517921600857
v 12.046257686619802 -4.699511675510433 -45.56306835417074
v 12.046256665623261 -53.105769834644576 -45.56306254913204
v 0.3088001035138923 42.13201152205477 5.622114160628104
v 20.066373183153882 28.817396769938696 4.6302990781824
v 42.84903064269344 56.40474342952679 3.2755683889534914
v 0.3088001035138923 42.13201152205477 5.622114160628104
v 42.84903064269344 56.40474342952679 3.2755683889534914
v 36.12079281698759 72.67190625412047 3.646676924258564
v -2.7210662231498226 -4.69949706362905 5.7892477014556185
v 14.825537248406837 -4.699501196283343 4.821380188170789
v 20.066373183153882 28.817396769938696 4.6302990781824
v -2.7210662231498226 -4.69949706362905 5.7892477014556185
v 20.066373183153882 28.817396769938696 4.6302990781824
v 0.3088001035138923 42.13201152205477 5.622114160628104
v 12.046257686619802 -4.699511675510433 -45.56306835417074
v -5.500338114793557 -4.699507542855844 -44.59518395781931
v -2.470478447417797 42.13199923997851 -44.76231880767238
v 12.046257686619802 -4.699511675510433 -45.56306835417074
v -2.470478447417797 42.13199923997851 -44.76231880767238
v 17.287092515897527 28.81738629071157 -45.754151692083624
v 14.825537248406837 -4.699501196283343 4.821380188170789
v 12.046257686619802 -4.699511675510433 -45.56306835417074
v 17.287092515897527 28.81738629071157 -45.754151692083624
v 14.825537248406837 -4.699501196283343 4.821380188170789
v 17.287092515897527 28.81738629071157 -45.754151692083624
v 20.066373183153882 28.817396769938696 4.6302990781824
v 40.069746386461446 56.40473835884858 -47.108883914705416
v 33.34152106162793 72.67190118344249 -46.7377573102069
v 80.08281675421192 91.18424478518298 -49.31606771409163
v 40.069746386461446 56.40473835884858 -47.108883914705416
v 80.08281675421192 91.18424478518298 -49.31606771409163
v 79.01416074640682 73.60345024019232 -49.257110392794935
v 17.287092515897527 28.81738629071157 -45.754151692083624
v -2.470478447417797 42.13199923997851 -44.76231880767238
v 33.34152106162793 72.67190118344249 -46.7377573102069
v 17.287092515897527 28.81738629071157 -45.754151692083624
v 33.34152106162793 72.67190118344249 -46.7377573102069
v 40.069746386461446 56.40473835884858 -47.108883914705416
v 20.066373183153882 28.817396769938696 4.6302990781824
v 17.287092515897527 28.81738629071157 -45.754151692083624
v 40.069746386461446 56.40473835884858 -47.108883914705416
v 20.066373183153882 28.817396769938696 4.6302990781824
v 40.069746386461446 56.40473835884858 -47.108883914705416
v 42.84903064269344 56.40474342952679 3.2755683889534914
v -2.470478447417797 42.13199923997851 -44.76231880767238
v 0.3088001035138923 42.13201152205477 5.622114160628104
v 36.12079281698759 72.67190625412047 3.646676924258564
v -2.470478447417797 42.13199923997851 -44.76231880767238
v 36.12079281698759 72.67190625412047 3.646676924258564
v 33.34152106162793 72.67190118344249 -46.7377573102069
v 80.08281675421192 91.18424478518298 -49.31606771409163
v 82.86209223483158 91.18426067295859 1.0683654785758634
v 130.90964573826133 87.97876375581725 -1.5820007859402878
v 80.08281675421192 91.18424478518298 -49.31606771409163
v 130.90964573826133 87.97876375581725 -1.5820007859402878
v 128.13039613003372 87.97874786804081 -51.966437408405746
v 42.84903064269344 56.40474342952679 3.2755683889534914
v 40.069746386461446 56.40473835884858 -47.108883914705416
v 79.01416074640682 73.60345024019232 -49.257110392794935
v 42.84903064269344 56.40474342952679 3.2755683889534914
v 79.01416074640682 73.60345024019232 -49.257110392794935
v 81.79344037633587 73.60346252226898 1.1273368619513597
v 33.34152106162793 72.67190118344249 -46.7377573102069
v 36.12079281698759 72.67190625412047 3.646676924258564
v 82.86209223483158 91.18426067295859 1.0683654785758634
v 33.34152106162793 72.67190118344249 -46.7377573102069
v 82.86209223483158 91.18426067295859 1.0683654785758634
v 80.08281675421192 91.18424478518298 -49.31606771409163
v 36.12079281698759 72.67190625412047 3.646676924258564
v 42.84903064269344 56.40474342952679 3.2755683889534914
v 81.79344037633587 73.60346252226898 1.1273368619513597
v 36.12079281698759 72.67190625412047 3.646676924258564
v 81.79344037633587 73.60346252226898 1.1273368619513597
v 82.86209223483158 91.18426067295859 1.0683654785758634
v 122.8524623320136 71.18096349175582 -51.67528295732173
v 128.13039613003372 87.97874786804081 -51.966437408405746
v 168.47652098900897 73.12634879597985 -49.12756009125536
v 122.8524623320136 71.18096349175582 -51.67528295732173
v 168.47652098900897 73.12634879597985 -49.12756009125536
v 160.56404182884847 61.49639327867782 -48.69110368176419
v 82.86209223483158 91.18426067295859 1.0683654785758634
v 81.79344037633587 73.60346252226898 1.1273368619513597
v 125.63175528051843 71.18097577383219 -1.2908330845242162
v 82.86209223483158 91.18426067295859 1.0683654785758634
v 125.63175528051843 71.18097577383219 -1.2908330845242162
v 130.90964573826133 87.97876375581725 -1.5820007859402878
v 79.01416074640682 73.60345024019232 -49.257110392794935
v 80.08281675421192 91.18424478518298 -49.31606771409163
v 128.13039613003372 87.97874786804081 -51.966437408405746
v 79.01416074640682 73.60345024019232 -49.257110392794935
v 128.13039613003372 87.97874786804081 -51.966437408405746
v 122.8524623320136 71.18096349175582 -51.67528295732173
v 81.79344037633587 73.60346252226898 1.1273368619513597
v 79.01416074640682 73.60345024019232 -49.257110392794935
v 122.8524623320136 71.18096349175582 -51.67528295732173
v 81.79344037633587 73.60346252226898 1.1273368619513597
v 122.8524623320136 71.18096349175582 -51.67528295732173
v 125.63175528051843 71.18097577383219 -1.2908330845242162
v 162.7862884263629 61.496401661443315 -8.40474430124662
v 160.56404182884847 61.49639327867782 -48.69110368176419
v 195.05733148100808 40.7561669959244 -44.2714695624782
v 162.7862884263629 61.496401661443315 -8.40474430124662
v 195.05733148100808 40.7561669959244 -44.2714695624782
v 196.58420945983602 40.75617320929929 -16.591398572583607
v 125.63175528051843 71.18097577383219 -1.2908330845242162
v 122.8524623320136 71.18096349175582 -51.67528295732173
v 160.56404182884847 61.49639327867782 -48.69110368176419
v 125.63175528051843 71.18097577383219 -1.2908330845242162
v 160.56404182884847 61.49639327867782 -48.69110368176419
v 162.7862884263629 61.496401661443315 -8.40474430124662
v 128.13039613003372 87.97874786804081 -51.966437408405746
v 130.90964573826133 87.97876375581725 -1.5820007859402878
v 170.6987493538787 73.12636078444433 -8.841226056768221
v 128.13039613003372 87.97874786804081 -51.966437408405746
v 170.6987493538787 73.12636078444433 -8.841226056768221
v 168.47652098900897 73.12634879597985 -49.12756009125536
v 130.90964573826133 87.97876375581725 -1.5820007859402878
v 125.63175528051843 71.18097577383219 -1.2908330845242162
v 162.7862884263629 61.496401661443315 -8.40474430124662
v 130.90964573826133 87.97876375581725 -1.5820007859402878
v 162.7862884263629 61.496401661443315 -8.40474430124662
v 170.6987493538787 73.12636078444433 -8.841226056768221
v 200.49385095921798 48.74691557973996 -44.57135803305908
v 202.02071016026545 48.74692179311492 -16.891302088433353
v 236.29690390376794 20.64920261605423 -28.522458015511642
v 200.49385095921798 48.74691557973996 -44.57135803305908
v 236.29690390376794 20.64920261605423 -28.522458015511642
v 235.84135300316336 20.649201023799726 -36.78073009081211
v 168.47652098900897 73.12634879597985 -49.12756009125536
v 170.6987493538787 73.12636078444433 -8.841226056768221
v 202.02071016026545 48.74692179311492 -16.891302088433353
v 168.47652098900897 73.12634879597985 -49.12756009125536
v 202.02071016026545 48.74692179311492 -16.891302088433353
v 200.49385095921798 48.74691557973996 -44.57135803305908
v 170.6987493538787 73.12636078444433 -8.841226056768221
v 162.7862884263629 61.496401661443315 -8.40474430124662
v 196.58420945983602 40.75617320929929 -16.591398572583607
v 170.6987493538787 73.12636078444433 -8.841226056768221
v 196.58420945983602 40.75617320929929 -16.591398572583607
v 202.02071016026545 48.74692179311492 -16.891302088433353
v 160.56404182884847 61.49639327867782 -48.69110368176419
v 168.47652098900897 73.12634879597985 -49.12756009125536
v 200.49385095921798 48.74691557973996 -44.57135803305908
v 160.56404182884847 61.49639327867782 -48.69110368176419
v 200.49385095921798 48.74691557973996 -44.57135803305908
v 195.05733148100808 40.7561669959244 -44.2714695624782
v 233.91749040395422 19.027595791231317 -28.39120306837605
v 233.46193950334964 19.027593748264408 -36.64947514367651
v 235.84135300316336 20.649201023799726 -36.78073009081211
v 233.91749040395422 19.027595791231317 -28.39120306837605
v 235.84135300316336 20.649201023799726 -36.78073009081211
v 236.29690390376794 20.64920261605423 -28.522458015511642
v 202.02071016026545 48.74692179311492 -16.891302088433353
v 196.58420945983602 40.75617320929929 -16.591398572583607
v 233.91749040395422 19.027595791231317 -28.39120306837605
v 202.02071016026545 48.74692179311492 -16.891302088433353
v 233.91749040395422 19.027595791231317 -28.39120306837605
v 236.29690390376794 20.64920261605423 -28.522458015511642
v 195.05733148100808 40.7561669959244 -44.2714695624782
v 200.49385095921798 48.74691557973996 -44.57135803305908
v 235.84135300316336 20.649201023799726 -36.78073009081211
v 195.05733148100808 40.7561669959244 -44.2714695624782
v 235.84135300316336 20.649201023799726 -36.78073009081211
v 233.46193950334964 19.027593748264408 -36.64947514367651
v 196.58420945983602 40.75617320929929 -16.591398572583607
v 195.05733148100808 40.7561669959244 -44.2714695624782
v 233.46193950334964 19.027593748264408 -36.64947514367651
v 196.58420945983602 40.75617320929929 -16.591398572583607
v 233.46193950334964 19.027593748264408 -36.64947514367651
v 233.91749040395422 19.027595791231317 -28.39120306837605
v 14.825537248406837 -4.699501196283343 4.821380188170789
v 14.825536704403724 -53.10576836966588 4.821376980043471
v 12.046256665623261 -53.105769834644576 -45.56306254913204
v 14.825537248406837 -4.699501196283343 4.821380188170789
v 12.046256665623261 -53.105769834644576 -45.56306254913204
v 12.046257686619802 -4.699511675510433 -45.56306835417074
v 12.046256665623261 -53.105769834644576 -45.56306254913204
v 14.825536704403724 -53.10576836966588 4.821376980043471
v -2.7210655518717672 -53.105767842710506 5.789256204583843
v 12.046256665623261 -53.105769834644576 -45.56306254913204
v -2.7210655518717672 -53.105767842710506 5.789256204583843
v -5.500342137960352 -53.10576930768917 -44.59517921600857
v 20.565908915326307 -15.64811466451868 -37.50988452269795
v -30.569027203885867 -15.648105064215557 -6.841683996991565
v -28.938117816639767 22.407174280127112 -4.122380099480546
v 20.565908915326307 -15.64811466451868 -37.50988452269795
v -28.938117816639767 22.407174280127112 -4.122380099480546
v 22.196814126790915 22.40716242626202 -34.79058262874425
v -21.124123148301152 -54.983024057624974 8.906419702567444
v -21.124124355140196 -15.648101243688615 8.9064166256898
v -30.569027203885867 -15.648105064215557 -6.841683996991565
v -21.124123148301152 -54.983024057624974 8.906419702567444
v -30.569027203885867 -15.648105064215557 -6.841683996991565
v -30.569031236627495 -54.98302427245231 -6.841674380669769
v -30.569031236627495 -54.98302427245231 -6.841674380669769
v -30.569027203885867 -15.648105064215557 -6.841683996991565
v 20.565908915326307 -15.64811466451868 -37.50988452269795
v -30.569031236627495 -54.98302427245231 -6.841674380669769
v 20.565908915326307 -15.64811466451868 -37.50988452269795
v 20.565904636489037 -54.98302666135716 -37.509881814516945
v 20.565904636489037 -54.98302666135716 -37.509881814516945
v 20.565908915326307 -15.64811466451868 -37.50988452269795
v 30.010821452002006 -15.648110843992306 -21.761793586284217
v 20.565904636489037 -54.98302666135716 -37.509881814516945
v 30.010821452002006 -15.648110843992306 -21.761793586284217
v 30.010816450075083 -54.98302644652995 -21.761788773077384
v -28.938117816639767 22.407174280127112 -4.122380099480546
v -22.755029502268187 11.587724643789635 6.187112623261793
v -6.039739043906824 34.00520276514142 34.05752793600037
v -28.938117816639767 22.407174280127112 -4.122380099480546
v -6.039739043906824 34.00520276514142 34.05752793600037
v -9.661361876300429 47.223894427521024 28.018909049318374
v -30.569027203885867 -15.648105064215557 -6.841683996991565
v -21.124124355140196 -15.648101243688615 8.9064166256898
v -22.755029502268187 11.587724643789635 6.187112623261793
v -30.569027203885867 -15.648105064215557 -6.841683996991565
v -22.755029502268187 11.587724643789635 6.187112623261793
v -28.938117816639767 22.407174280127112 -4.122380099480546
v 30.010821452002006 -15.648110843992306 -21.761793586284217
v 20.565908915326307 -15.64811466451868 -37.50988452269795
v 22.196814126790915 22.40716242626202 -34.79058262874425
v 30.010821452002006 -15.648110843992306 -21.761793586284217
v 22.196814126790915 22.40716242626202 -34.79058262874425
v 28.379918280134184 11.58771143778665 -24.48109734827218
v -21.124124355140196 -15.648101243688615 8.9064166256898
v 30.010821452002006 -15.648110843992306 -21.761793586284217
v 28.379918280134184 11.58771143778665 -24.48109734827218
v -21.124124355140196 -15.648101243688615 8.9064166256898
v 28.379918280134184 11.58771143778665 -24.48109734827218
v -22.755029502268187 11.587724643789635 6.187112623261793
v 45.095207240229016 34.00519136198781 3.3893087108601136
v 41.47357345168019 47.223883024368405 -2.6492880837670505
v 66.63331536656244 62.26703031364392 39.30106224714439
v 45.095207240229016 34.00519136198781 3.3893087108601136
v 66.63331536656244 62.26703031364392 39.30106224714439
v 66.05807442983263 47.980876702941295 38.34194787562096
v 28.379918280134184 11.58771143778665 -24.48109734827218
v 22.196814126790915 22.40716242626202 -34.79058262874425
v 41.47357345168019 47.223883024368405 -2.6492880837670505
v 28.379918280134184 11.58771143778665 -24.48109734827218
v 41.47357345168019 47.223883024368405 -2.6492880837670505
v 45.095207240229016 34.00519136198781 3.3893087108601136
v -22.755029502268187 11.587724643789635 6.187112623261793
v 28.379918280134184 11.58771143778665 -24.48109734827218
v 45.095207240229016 34.00519136198781 3.3893087108601136
v -22.755029502268187 11.587724643789635 6.187112623261793
v 45.095207240229016 34.00519136198781 3.3893087108601136
v -6.039739043906824 34.00520276514142 34.05752793600037
v 22.196814126790915 22.40716242626202 -34.79058262874425
v -28.938117816639767 22.407174280127112 -4.122380099480546
v -9.661361876300429 47.223894427521024 28.018909049318374
v 22.196814126790915 22.40716242626202 -34.79058262874425
v -9.661361876300429 47.223894427521024 28.018909049318374
v 41.47357345168019 47.223883024368405 -2.6492880837670505
v 66.63331536656244 62.26703031364392 39.30106224714439
v 15.498382181378467 62.26703991394703 69.96926512367402
v 41.3612535090514 59.66226173359122 113.09196637742582
v 66.63331536656244 62.26703031364392 39.30106224714439
v 41.3612535090514 59.66226173359122 113.09196637742582
v 92.49619084354474 59.662248527589185 82.42377756297498
v -6.039739043906824 34.00520276514142 34.05752793600037
v 45.095207240229016 34.00519136198781 3.3893087108601136
v 66.05807442983263 47.980876702941295 38.34194787562096
v -6.039739043906824 34.00520276514142 34.05752793600037
v 66.05807442983263 47.980876702941295 38.34194787562096
v 14.923128145696808 47.9808881060949 69.01016710076121
v 41.47357345168019 47.223883024368405 -2.6492880837670505
v -9.661361876300429 47.223894427521024 28.018909049318374
v 15.498382181378467 62.26703991394703 69.96926512367402
v 41.47357345168019 47.223883024368405 -2.6492880837670505
v 15.498382181378467 62.26703991394703 69.96926512367402
v 66.63331536656244 62.26703031364392 39.30106224714439
v -9.661361876300429 47.223894427521024 28.018909049318374
v -6.039739043906824 34.00520276514142 34.05752793600037
v 14.923128145696808 47.9808881060949 69.01016710076121
v -9.661361876300429 47.223894427521024 28.018909049318374
v 14.923128145696808 47.9808881060949 69.01016710076121
v 15.498382181378467 62.26703991394703 69.96926512367402
v 89.65519518629725 46.0123709768798 77.68685395942504
v 92.49619084354474 59.662248527589185 82.42377756297498
v 108.93939793833809 47.59320226568139 121.45776803165899
v 89.65519518629725 46.0123709768798 77.68685395942504
v 108.93939793833809 47.59320226568139 121.45776803165899
v 104.68028117322224 38.14270050527904 114.35632377638046
v 15.498382181378467 62.26703991394703 69.96926512367402
v 14.923128145696808 47.9808881060949 69.01016710076121
v 38.520254141742186 46.01238238003306 108.35506664512104
v 15.498382181378467 62.26703991394703 69.96926512367402
v 38.520254141742186 46.01238238003306 108.35506664512104
v 41.3612535090514 59.66226173359122 113.09196637742582
v 66.05807442983263 47.980876702941295 38.34194787562096
v 66.63331536656244 62.26703031364392 39.30106224714439
v 92.49619084354474 59.662248527589185 82.42377756297498
v 66.05807442983263 47.980876702941295 38.34194787562096
v 92.49619084354474 59.662248527589185 82.42377756297498
v 89.65519518629725 46.0123709768798 77.68685395942504
v 14.923128145696808 47.9808881060949 69.01016710076121
v 66.05807442983263 47.980876702941295 38.34194787562096
v 89.65519518629725 46.0123709768798 77.68685395942504
v 14.923128145696808 47.9808881060949 69.01016710076121
v 89.65519518629725 46.0123709768798 77.68685395942504
v 38.520254141742186 46.01238238003306 108.35506664512104
v 63.79385575494088 38.14271052822087 138.87798697319968
v 104.68028117322224 38.14270050527904 114.35632377638046
v 116.6630264986388 21.289204803006797 148.8386490723554
v 63.79385575494088 38.14271052822087 138.87798697319968
v 116.6630264986388 21.289204803006797 148.8386490723554
v 88.57064539731044 21.28921310145935 165.68706425310978
v 38.520254141742186 46.01238238003306 108.35506664512104
v 89.65519518629725 46.0123709768798 77.68685395942504
v 104.68028117322224 38.14270050527904 114.35632377638046
v 38.520254141742186 46.01238238003306 108.35506664512104
v 104.68028117322224 38.14270050527904 114.35632377638046
v 63.79385575494088 38.14271052822087 138.87798697319968
v 92.49619084354474 59.662248527589185 82.42377756297498
v 41.3612535090514 59.66226173359122 113.09196637742582
v 68.05296422143783 47.59321319004741 145.97940310432082
v 92.49619084354474 59.662248527589185 82.42377756297498
v 68.05296422143783 47.59321319004741 145.97940310432082
v 108.93939793833809 47.59320226568139 121.45776803165899
v 41.3612535090514 59.66226173359122 113.09196637742582
v 38.520254141742186 46.01238238003306 108.35506664512104
v 63.79385575494088 38.14271052822087 138.87798697319968
v 41.3612535090514 59.66226173359122 113.09196637742582
v 63.79385575494088 38.14271052822087 138.87798697319968
v 68.05296422143783 47.59321319004741 145.97940310432082
v 119.58938901990564 27.782487114311515 153.71792611485063
v 91.49702887690022 27.782491581707223 170.56631513782804
v 120.09096117658308 4.950299349857591 195.89913534662924
v 119.58938901990564 27.782487114311515 153.71792611485063
v 120.09096117658308 4.950299349857591 195.89913534662924
v 128.47223780587598 4.9502971554539705 190.8724495059479
v 108.93939793833809 47.59320226568139 121.45776803165899
v 68.05296422143783 47.59321319004741 145.97940310432082
v 91.49702887690022 27.782491581707223 170.56631513782804
v 108.93939793833809 47.59320226568139 121.45776803165899
v 91.49702887690022 27.782491581707223 170.56631513782804
v 119.58938901990564 27.782487114311515 153.71792611485063
v 68.05296422143783 47.59321319004741 145.97940310432082
v 63.79385575494088 38.14271052822087 138.87798697319968
v 88.57064539731044 21.28921310145935 165.68706425310978
v 68.05296422143783 47.59321319004741 145.97940310432082
v 88.57064539731044 21.28921310145935 165.68706425310978
v 91.49702887690022 27.782491581707223 170.56631513782804
v 104.68028117322224 38.14270050527904 114.35632377638046
v 108.93939793833809 47.59320226568139 121.45776803165899
v 119.58938901990564 27.782487114311515 153.71792611485063
v 104.68028117322224 38.14270050527904 114.35632377638046
v 119.58938901990564 27.782487114311515 153.71792611485063
v 116.6630264986388 21.289204803006797 148.8386490723554
v 118.81017907799159 3.6325821089316435 193.76364278197056
v 127.19144522812293 3.632578111679102 188.73697002017784
v 128.47223780587598 4.9502971554539705 190.8724495059479
v 118.81017907799159 3.6325821089316435 193.76364278197056
v 128.47223780587598 4.9502971554539705 190.8724495059479
v 120.09096117658308 4.950299349857591 195.89913534662924
v 91.49702887690022 27.782491581707223 170.56631513782804
v 88.57064539731044 21.28921310145935 165.68706425310978
v 118.81017907799159 3.6325821089316435 193.76364278197056
v 91.49702887690022 27.782491581707223 170.56631513782804
v 118.81017907799159 3.6325821089316435 193.76364278197056
v 120.09096117658308 4.950299349857591 195.89913534662924
v 116.6630264986388 21.289204803006797 148.8386490723554
v 119.58938901990564 27.782487114311515 153.71792611485063
v 128.47223780587598 4.9502971554539705 190.8724495059479
v 116.6630264986388 21.289204803006797 148.8386490723554
v 128.47223780587598 4.9502971554539705 190.8724495059479
v 127.19144522812293 3.632578111679102 188.73697002017784
v 88.57064539731044 21.28921310145935 165.68706425310978
v 116.6630264986388 21.289204803006797 148.8386490723554
v 127.19144522812293 3.632578111679102 188.73697002017784
v 88.57064539731044 21.28921310145935 165.68706425310978
v 127.19144522812293 3.632578111679102 188.73697002017784
v 118.81017907799159 3.6325821089316435 193.76364278197056
v -21.124124355140196 -15.648101243688615 8.9064166256898
v -21.124123148301152 -54.983024057624974 8.906419702567444
v 30.010816450075083 -54.98302644652995 -21.761788773077384
v -21.124124355140196 -15.648101243688615 8.9064166256898
v 30.010816450075083 -54.98302644652995 -21.761788773077384
v 30.010821452002006 -15.648110843992306 -21.761793586284217
v 30.010816450075083 -54.98302644652995 -21.761788773077384
v -21.124123148301152 -54.983024057624974 8.906419702567444
v -30.569031236627495 -54.98302427245231 -6.841674380669769
v 30.010816450075083 -54.98302644652995 -21.761788773077384
v -30.569031236627495 -54.98302427245231 -6.841674380669769
v 20.565904636489037 -54.98302666135716 -37.509881814516945
v -2.795001607443073 -0.2945621941988641 3.624645463547722
v -16.558283750050947 -0.3337137832392223 -38.69720007420818
v -17.375977417121 61.60994907567787 -46.29989047019997
v -2.795001607443073 -0.2945621941988641 3.624645463547722
v -17.375977417121 61.60994907567787 -46.29989047019997
v -3.700554546794642 61.61810985246571 1.5790556988882862
v -24.953393110927898 -57.414146298648674 -32.47712431757489
v -32.55917779540674 -0.3337095883963883 -34.26984573262256
v -16.558283750050947 -0.3337137832392223 -38.69720007420818
v -24.953393110927898 -57.414146298648674 -32.47712431757489
v -16.558283750050947 -0.3337137832392223 -38.69720007420818
v -15.334151542834576 -57.414146652823746 -35.13871924773811
v -15.334151542834576 -57.414146652823746 -35.13871924773811
v -16.558283750050947 -0.3337137832392223 -38.69720007420818
v -2.795001607443073 -0.2945621941988641 3.624645463547722
v -15.334151542834576 -57.414146652823746 -35.13871924773811
v -2.795001607443073 -0.2945621941988641 3.624645463547722
v -7.492018378381726 -57.406703886628776 -8.205638203118225
v -7.492018378381726 -57.406703886628776 -8.205638203118225
v -2.795001607443073 -0.2945621941988641 3.624645463547722
v -18.795888296893374 -0.29455799935589155 8.052011067654558
v -7.492018378381726 -57.406703886628776 -8.205638203118225
v -18.795888296893374 -0.29455799935589155 8.052011067654558
v -17.11125994647506 -57.406703532453704 -5.54404327295501
v -17.375977417121 61.60994907567787 -46.29989047019997
v -37.07006305339368 44.94815967702702 -39.04086877186994
v -58.19070101723136 79.45590464824741 -35.79162838411594
v -17.375977417121 61.60994907567787 -46.29989047019997
v -58.19070101723136 79.45590464824741 -35.79162838411594
v -51.69625361269533 99.78506751584675 -37.588579567659316
v -16.558283750050947 -0.3337137832392223 -38.69720007420818
v -32.55917779540674 -0.3337095883963883 -34.26984573262256
v -37.07006305339368 44.94815967702702 -39.04086877186994
v -16.558283750050947 -0.3337137832392223 -38.69720007420818
v -37.07006305339368 44.94815967702702 -39.04086877186994
v -17.375977417121 61.60994907567787 -46.29989047019997
v -18.795888296893374 -0.29455799935589155 8.052011067654558
v -2.795001607443073 -0.2945621941988641 3.624645463547722
v -3.700554546794642 61.61810985246571 1.5790556988882862
v -18.795888296893374 -0.29455799935589155 8.052011067654558
v -3.700554546794642 61.61810985246571 1.5790556988882862
v -23.088039232898225 44.967746873615845 7.780089814009301
v -32.55917779540674 -0.3337095883963883 -34.26984573262256
v -18.795888296893374 -0.29455799935589155 8.052011067654558
v -23.088039232898225 44.967746873615845 7.780089814009301
v -32.55917779540674 -0.3337095883963883 -34.26984573262256
v -23.088039232898225 44.967746873615845 7.780089814009301
v -37.07006305339368 44.94815967702702 -39.04086877186994
v -44.73396343865909 79.4559129683648 12.842033794977617
v -38.2395348119033 99.78508304736269 11.04506756616518
v -83.35663989539097 122.92008758516863 23.5287758887728
v -44.73396343865909 79.4559129683648 12.842033794977617
v -83.35663989539097 122.92008758516863 23.5287758887728
v -82.32512513855231 100.94926399712465 23.243339655740506
v -23.088039232898225 44.967746873615845 7.780089814009301
v -3.700554546794642 61.61810985246571 1.5790556988882862
v -38.2395348119033 99.78508304736269 11.04506756616518
v -23.088039232898225 44.967746873615845 7.780089814009301
v -38.2395348119033 99.78508304736269 11.04506756616518
v -44.73396343865909 79.4559129683648 12.842033794977617
v -37.07006305339368 44.94815967702702 -39.04086877186994
v -23.088039232898225 44.967746873615845 7.780089814009301
v -44.73396343865909 79.4559129683648 12.842033794977617
v -37.07006305339368 44.94815967702702 -39.04086877186994
v -44.73396343865909 79.4559129683648 12.842033794977617
v -58.19070101723136 79.45590464824741 -35.79162838411594
v -3.700554546794642 61.61810985246571 1.5790556988882862
v -17.375977417121 61.60994907567787 -46.29989047019997
v -51.69625361269533 99.78506751584675 -37.588579567659316
v -3.700554546794642 61.61810985246571 1.5790556988882862
v -51.69625361269533 99.78506751584675 -37.588579567659316
v -38.2395348119033 99.78508304736269 11.04506756616518
v -83.35663989539097 122.92008758516863 23.5287758887728
v -96.81335869618302 122.92007205365269 -25.104871245051687
v -143.19132893749637 118.91417074592796 -12.27228621662218
v -83.35663989539097 122.92008758516863 23.5287758887728
v -143.19132893749637 118.91417074592796 -12.27228621662218
v -129.73461013670476 118.91417185464691 36.361360917202745
v -58.19070101723136 79.45590464824741 -35.79162838411594
v -44.73396343865909 79.4559129683648 12.842033794977617
v -82.32512513855231 100.94926399712465 23.243339655740506
v -58.19070101723136 79.45590464824741 -35.79162838411594
v -82.32512513855231 100.94926399712465 23.243339655740506
v -95.78185332823458 100.94924846560875 -25.39031500071841
v -38.2395348119033 99.78508304736269 11.04506756616518
v -51.69625361269533 99.78506751584675 -37.588579567659316
v -96.81335869618302 122.92007205365269 -25.104871245051687
v -38.2395348119033 99.78508304736269 11.04506756616518
v -96.81335869618302 122.92007205365269 -25.104871245051687
v -83.35663989539097 122.92008758516863 23.5287758887728
v -51.69625361269533 99.78506751584675 -37.588579567659316
v -58.19070101723136 79.45590464824741 -35.79162838411594
v -95.78185332823458 100.94924846560875 -25.39031500071841
v -51.69625361269533 99.78506751584675 -37.588579567659316
v -95.78185332823458 100.94924846560875 -25.39031500071841
v -96.81335869618302 122.92007205365269 -25.104871245051687
v -124.64010469477745 97.92187720084648 34.95171891014499
v -129.73461013670476 118.91417185464691 36.361360917202745
v -169.75843320138142 100.35305747409636 42.18905292720814
v -124.64010469477745 97.92187720084648 34.95171891014499
v -169.75843320138142 100.35305747409636 42.18905292720814
v -162.12091872322665 85.81901718073905 40.075773780612344
v -96.81335869618302 122.92007205365269 -25.104871245051687
v -95.78185332823458 100.94924846560875 -25.39031500071841
v -138.0968375789044 97.92187609212758 -13.681939507631583
v -96.81335869618302 122.92007205365269 -25.104871245051687
v -138.0968375789044 97.92187609212758 -13.681939507631583
v -143.19132893749637 118.91417074592796 -12.27228621662218
v -82.32512513855231 100.94926399712465 23.243339655740506
v -83.35663989539097 122.92008758516863 23.5287758887728
v -129.73461013670476 118.91417185464691 36.361360917202745
v -82.32512513855231 100.94926399712465 23.243339655740506
v -129.73461013670476 118.91417185464691 36.361360917202745
v -124.64010469477745 97.92187720084648 34.95171891014499
v -95.78185332823458 100.94924846560875 -25.39031500071841
v -82.32512513855231 100.94926399712465 23.243339655740506
v -124.64010469477745 97.92187720084648 34.95171891014499
v -95.78185332823458 100.94924846560875 -25.39031500071841
v -124.64010469477745 97.92187720084648 34.95171891014499
v -138.0968375789044 97.92187609212758 -13.681939507631583
v -172.88064882201795 85.81901629423069 1.1893134624903254
v -162.12091872322665 85.81901718073905 40.075773780612344
v -196.76345394978728 59.89985307291622 43.111295008642514
v -172.88064882201795 85.81901629423069 1.1893134624903254
v -196.76345394978728 59.89985307291622 43.111295008642514
v -204.15627013382536 59.89984525241266 16.39307159133451
v -138.0968375789044 97.92187609212758 -13.681939507631583
v -124.64010469477745 97.92187720084648 34.95171891014499
v -162.12091872322665 85.81901718073905 40.075773780612344
v -138.0968375789044 97.92187609212758 -13.681939507631583
v -162.12091872322665 85.81901718073905 40.075773780612344
v -172.88064882201795 85.81901629423069 1.1893134624903254
v -129.73461013670476 118.91417185464691 36.361360917202745
v -143.19132893749637 118.91417074592796 -12.27228621662218
v -180.51815391128292 100.35304216479099 3.3026001317210074
v -129.73461013670476 118.91417185464691 36.361360917202745
v -180.51815391128292 100.35304216479099 3.3026001317210074
v -169.75843320138142 100.35305747409636 42.18905292720814
v -143.19132893749637 118.91417074592796 -12.27228621662218
v -138.0968375789044 97.92187609212758 -13.681939507631583
v -172.88064882201795 85.81901629423069 1.1893134624903254
v -143.19132893749637 118.91417074592796 -12.27228621662218
v -172.88064882201795 85.81901629423069 1.1893134624903254
v -180.51815391128292 100.35304216479099 3.3026001317210074
v -202.01105301498023 69.88593828407767 44.563289327100975
v -209.40386090039937 69.88593046357474 17.84509403395038
v -240.41248971981366 34.772061485540185 36.51609829969471
v -202.01105301498023 69.88593828407767 44.563289327100975
v -240.41248971981366 34.772061485540185 36.51609829969471
v -238.2068586332232 34.772063470114155 44.48739557361736
v -169.75843320138142 100.35305747409636 42.18905292720814
v -180.51815391128292 100.35304216479099 3.3026001317210074
v -209.40386090039937 69.88593046357474 17.84509403395038
v -169.75843320138142 100.35305747409636 42.18905292720814
v -209.40386090039937 69.88593046357474 17.84509403395038
v -202.01105301498023 69.88593828407767 44.563289327100975
v -180.51815391128292 100.35304216479099 3.3026001317210074
v -172.88064882201795 85.81901629423069 1.1893134624903254
v -204.15627013382536 59.89984525241266 16.39307159133451
v -180.51815391128292 100.35304216479099 3.3026001317210074
v -204.15627013382536 59.89984525241266 16.39307159133451
v -209.40386090039937 69.88593046357474 17.84509403395038
v -162.12091872322665 85.81901718073905 40.075773780612344
v -169.75843320138142 100.35305747409636 42.18905292720814
v -202.01105301498023 69.88593828407767 44.563289327100975
v -162.12091872322665 85.81901718073905 40.075773780612344
v -202.01105301498023 69.88593828407767 44.563289327100975
v -196.76345394978728 59.89985307291622 43.111295008642514
v -238.11576109099946 32.745528620246965 35.8806099630942
v -235.91013939329923 32.74553060482097 43.851899714382455
v -238.2068586332232 34.772063470114155 44.48739557361736
v -238.11576109099946 32.745528620246965 35.8806099630942
v -238.2068586332232 34.772063470114155 44.48739557361736
v -240.41248971981366 34.772061485540185 36.51609829969471
v -209.40386090039937 69.88593046357474 17.84509403395038
v -204.15627013382536 59.89984525241266 16.39307159133451
v -238.11576109099946 32.745528620246965 35.8806099630942
v -209.40386090039937 69.88593046357474 17.84509403395038
v -238.11576109099946 32.745528620246965 35.8806099630942
v -240.41248971981366 34.772061485540185 36.51609829969471
v -196.76345394978728 59.89985307291622 43.111295008642514
v -202.01105301498023 69.88593828407767 44.563289327100975
v -238.2068586332232 34.772063470114155 44.48739557361736
v -196.76345394978728 59.89985307291622 43.111295008642514
v -238.2068586332232 34.772063470114155 44.48739557361736
v -235.91013939329923 32.74553060482097 43.851899714382455
v -204.15627013382536 59.89984525241266 16.39307159133451
v -196.76345394978728 59.89985307291622 43.111295008642514
v -235.91013939329923 32.74553060482097 43.851899714382455
v -204.15627013382536 59.89984525241266 16.39307159133451
v -235.91013939329923 32.74553060482097 43.851899714382455
v -238.11576109099946 32.745528620246965 35.8806099630942
v -32.55917779540674 -0.3337095883963883 -34.26984573262256
v -24.953393110927898 -57.414146298648674 -32.47712431757489
v -17.11125994647506 -57.406703532453704 -5.54404327295501
v -32.55917779540674 -0.3337095883963883 -34.26984573262256
v -17.11125994647506 -57.406703532453704 -5.54404327295501
v -18.795888296893374 -0.29455799935589155 8.052011067654558
v -17.11125994647506 -57.406703532453704 -5.54404327295501
v -24.953393110927898 -57.414146298648674 -32.47712431757489
v -15.334151542834576 -57.414146652823746 -35.13871924773811
v -17.11125994647506 -57.406703532453704 -5.54404327295501
v -15.334151542834576 -57.414146652823746 -35.13871924773811
v -7.492018378381726 -57.406703886628776 -8.205638203118225
vn -0.12119566736801031 0.051778978726433195 0.9912772304321683
vn -0.12119566736801031 0.051778978726433195 0.9912772304321683
vn -0.12119566736801031 0.051778978726433195 0.9912772304321683
vn -0.12119566736801031 0.051778978726433195 0.9912772304321683
vn -0.12119566736801031 0.051778978726433195 0.9912772304321683
vn -0.12119566736801031 0.051778978726433195 0.9912772304321683
vn 0.9926086187895823 1.4471314932593512e-8 0.1213595068572604
vn 0.9926086187895823 1.4471314932593512e-8 0.1213595068572604
vn 0.9926086187895823 1.4471314932593512e-8 0.1213595068572604
vn 0.9926086187895823 1.4471314932593512e-8 0.1213595068572604
vn 0.9926086187895823 1.4471314932593512e-8 0.1213595068572604
vn 0.9926086187895823 1.4471314932593512e-8 0.1213595068572604
vn -0.12135837955803061 5.3470332836296085e-8 0.9926087566161433
vn -0.12135837955803061 5.3470332836296085e-8 0.9926087566161433
vn -0.12135837955803061 5.3470332836296085e-8 0.9926087566161433
vn -0.12135837955803061 5.3470332836296085e-8 0.9926087566161433
vn -0.12135837955803061 5.3470332836296085e-8 0.9926087566161433
vn -0.12135837955803061 5.3470332836296085e-8 0.9926087566161433
vn -0.9926086841109315 -7.609179780951676e-8 -0.12135897258777052
vn -0.9926086841109315 -7.609179780951676e-8 -0.12135897258777052
vn -0.9926086841109315 -7.609179780951676e-8 -0.12135897258777052
vn -0.9926086841109315 -7.609179780951676e-8 -0.12135897258777052
vn -0.9926086841109315 -7.609179780951676e-8 -0.12135897258777052
vn -0.9926086841109315 -7.609179780951676e-8 -0.12135897258777052
vn 0.9491462741224606 -0.2094193517639941 0.23508484729177972
vn 0.9491462741224606 -0.2094193517639941 0.23508484729177972
vn 0.9491462741224606 -0.2094193517639941 0.23508484729177972
vn 0.9491462741224606 -0.2094193517639941 0.23508484729177972
vn 0.9491462741224606 -0.2094193517639941 0.23508484729177972
vn 0.9491462741224606 -0.2094193517639941 0.23508484729177972
vn 0.992246524884512 -0.000731681507449767 0.12428313842505284
vn 0.992246524884512 -0.000731681507449767 0.12428313842505284
vn 0.992246524884512 -0.000731681507449767 0.12428313842505284
vn 0.992246524884512 -0.000731681507449767 0.12428313842505284
vn 0.992246524884512 -0.000731681507449767 0.12428313842505284
vn 0.992246524884512 -0.000731681507449767 0.12428313842505284
vn -0.9922466663916446 0.0007317604934771509 -0.12428200819607034
vn -0.9922466663916446 0.0007317604934771509 -0.12428200819607034
vn -0.9922466663916446 0.0007317604934771509 -0.12428200819607034
vn -0.9922466663916446 0.0007317604934771509 -0.12428200819607034
vn -0.9922466663916446 0.0007317604934771509 -0.12428200819607034
vn -0.9922466663916446 0.0007317604934771509 -0.12428200819607034
vn 0.12041862508670508 -0.12421253507514379 -0.9849216216849104
vn 0.12041862508670508 -0.12421253507514379 -0.9849216216849104
vn 0.12041862508670508 -0.12421253507514379 -0.9849216216849104
vn 0.12041862508670508 -0.12421253507514379 -0.9849216216849104
vn 0.12041862508670508 -0.12421253507514379 -0.9849216216849104
vn 0.12041862508670508 -0.12421253507514379 -0.9849216216849104
vn -0.9919145600905419 0.049902744121109295 -0.11668428175881208
vn -0.9919145600905419 0.049902744121109295 -0.11668428175881208
vn -0.9919145600905419 0.049902744121109295 -0.11668428175881208
vn -0.9919145600905419 0.049902744121109295 -0.11668428175881208
vn -0.9919145600905419 0.049902744121109295 -0.11668428175881208
vn -0.9919145600905419 0.049902744121109295 -0.11668428175881208
vn -0.9899100265064181 0.0670681436057671 -0.12481988437480111
vn -0.9899100265064181 0.0670681436057671 -0.12481988437480111
vn -0.9899100265064181 0.0670681436057671 -0.12481988437480111
vn -0.9899100265064181 0.0670681436057671 -0.12481988437480111
vn -0.9899100265064181 0.0670681436057671 -0.12481988437480111
vn -0.9899100265064181 0.0670681436057671 -0.12481988437480111
vn 0.10563345924480132 -0.49229933572981377 -0.8639924399715319
vn 0.10563345924480132 -0.49229933572981377 -0.8639924399715319
vn 0.10563345924480132 -0.49229933572981377 -0.8639924399715319
vn 0.10563345924480132 -0.49229933572981377 -0.8639924399715319
vn 0.10563345924480132 -0.49229933572981377 -0.8639924399715319
vn 0.10563345924480132 -0.49229933572981377 -0.8639924399715319
vn -0.10298524138329183 0.5290269432002657 0.8423327925620658
vn -0.10298524138329183 0.5290269432002657 0.8423327925620658
vn -0.10298524138329183 0.5290269432002657 0.8423327925620658
vn -0.10298524138329183 0.5290269432002657 0.8423327925620658
vn -0.10298524138329183 0.5290269432002657 0.8423327925620658
vn -0.10298524138329183 0.5290269432002657 0.8423327925620658
vn 0.010068158076002105 0.9965528234450426 -0.08234744851341962
vn 0.010068158076002105 0.9965528234450426 -0.08234744851341962
vn 0.010068158076002105 0.9965528234450426 -0.08234744851341962
vn 0.010068158076002105 0.9965528234450426 -0.08234744851341962
vn 0.010068158076002105 0.9965528234450426 -0.08234744851341962
vn 0.010068158076002105 0.9965528234450426 -0.08234744851341962
vn 0.07477339307470035 -0.7876380296689831 -0.6115842328798695
vn 0.07477339307470035 -0.7876380296689831 -0.6115842328798695
vn 0.07477339307470035 -0.7876380296689831 -0.6115842328798695
vn 0.07477339307470035 -0.7876380296689831 -0.6115842328798695
vn 0.07477339307470035 -0.7876380296689831 -0.6115842328798695
vn 0.07477339307470035 -0.7876380296689831 -0.6115842328798695
vn -0.06836008241616012 0.8262581858578961 0.5591281690586463
vn -0.06836008241616012 0.8262581858578961 0.5591281690586463
vn -0.06836008241616012 0.8262581858578961 0.5591281690586463
vn -0.06836008241616012 0.8262581858578961 0.5591281690586463
vn -0.06836008241616012 0.8262581858578961 0.5591281690586463
vn -0.06836008241616012 0.8262581858578961 0.5591281690586463
vn 0.970791368385089 -0.12196749523765234 0.20661086412495241
vn 0.970791368385089 -0.12196749523765234 0.20661086412495241
vn 0.970791368385089 -0.12196749523765234 0.20661086412495241
vn 0.970791368385089 -0.12196749523765234 0.20661086412495241
vn 0.970791368385089 -0.12196749523765234 0.20661086412495241
vn 0.970791368385089 -0.12196749523765234 0.20661086412495241
vn -0.9717097539241646 -0.04193813126408805 -0.23242492825580466
vn -0.9717097539241646 -0.04193813126408805 -0.23242492825580466
vn -0.9717097539241646 -0.04193813126408805 -0.23242492825580466
vn -0.9717097539241646 -0.04193813126408805 -0.23242492825580466
vn -0.9717097539241646 -0.04193813126408805 -0.23242492825580466
vn -0.9717097539241646 -0.04193813126408805 -0.23242492825580466
vn 0.9925564029972043 -0.0007327773821716076 0.12178361920455286
vn 0.9925564029972043 -0.0007327773821716076 0.12178361920455286
vn 0.9925564029972043 -0.0007327773821716076 0.12178361920455286
vn 0.9925564029972043 -0.0007327773821716076 0.12178361920455286
vn 0.9925564029972043 -0.0007327773821716076 0.12178361920455286
vn 0.9925564029972043 -0.0007327773821716076 0.12178361920455286
vn -0.9926604631497086 -0.0007359390466901951 -0.12093247410487216
vn -0.9926604631497086 -0.0007359390466901951 -0.12093247410487216
vn -0.9926604631497086 -0.0007359390466901951 -0.12093247410487216
vn -0.9926604631497086 -0.0007359390466901951 -0.12093247410487216
vn -0.9926604631497086 -0.0007359390466901951 -0.12093247410487216
vn -0.9926604631497086 -0.0007359390466901951 -0.12093247410487216
vn -0.007950585403639552 -0.9978517761063229 0.06502784875110265
vn -0.007950585403639552 -0.9978517761063229 0.06502784875110265
vn -0.007950585403639552 -0.9978517761063229 0.06502784875110265
vn -0.007950585403639552 -0.9978517761063229 0.06502784875110265
vn -0.007950585403639552 -0.9978517761063229 0.06502784875110265
vn -0.007950585403639552 -0.9978517761063229 0.06502784875110265
vn -0.07330469418874853 -0.7969576968220428 0.5995705557196742
vn -0.07330469418874853 -0.7969576968220428 0.5995705557196742
vn -0.07330469418874853 -0.7969576968220428 0.5995705557196742
vn -0.07330469418874853 -0.7969576968220428 0.5995705557196742
vn -0.07330469418874853 -0.7969576968220428 0.5995705557196742
vn -0.07330469418874853 -0.7969576968220428 0.5995705557196742
vn -0.03728351394696035 -0.9516393739651885 0.3049466207501098
vn -0.03728351394696035 -0.9516393739651885 0.3049466207501098
vn -0.03728351394696035 -0.9516393739651885 0.3049466207501098
vn -0.03728351394696035 -0.9516393739651885 0.3049466207501098
vn -0.03728351394696035 -0.9516393739651885 0.3049466207501098
vn -0.03728351394696035 -0.9516393739651885 0.3049466207501098
vn 0.050947693432194296 0.9076124691664854 -0.4167060574883147
vn 0.050947693432194296 0.9076124691664854 -0.4167060574883147
vn 0.050947693432194296 0.9076124691664854 -0.4167060574883147
vn 0.050947693432194296 0.9076124691664854 -0.4167060574883147
vn 0.050947693432194296 0.9076124691664854 -0.4167060574883147
vn 0.050947693432194296 0.9076124691664854 -0.4167060574883147
vn 0.9990838834666692 -0.04193655114092801 0.008527571492698168
vn 0.9990838834666692 -0.04193655114092801 0.008527571492698168
vn 0.9990838834666692 -0.04193655114092801 0.008527571492698168
vn 0.9990838834666692 -0.04193655114092801 0.008527571492698168
vn 0.9990838834666692 -0.04193655114092801 0.008527571492698168
vn 0.9990838834666692 -0.04193655114092801 0.008527571492698168
vn 0.08611872749672199 0.7045849552556956 -0.7043746202140412
vn 0.08611872749672199 0.7045849552556956 -0.7043746202140412
vn 0.08611872749672199 0.7045849552556956 -0.7043746202140412
vn 0.08611872749672199 0.7045849552556956 -0.7043746202140412
vn 0.08611872749672199 0.7045849552556956 -0.7043746202140412
vn 0.08611872749672199 0.7045849552556956 -0.7043746202140412
vn 0.08407070856781382 0.7211823691551499 -0.6876249750995602
vn 0.08407070856781382 0.7211823691551499 -0.6876249750995602
vn 0.08407070856781382 0.7211823691551499 -0.6876249750995602
vn 0.08407070856781382 0.7211823691551499 -0.6876249750995602
vn 0.08407070856781382 0.7211823691551499 -0.6876249750995602
vn 0.08407070856781382 0.7211823691551499 -0.6876249750995602
vn 0.9974821249420035 -0.07044207361145757 -0.008205162186311019
vn 0.9974821249420035 -0.07044207361145757 -0.008205162186311019
vn 0.9974821249420035 -0.07044207361145757 -0.008205162186311019
vn 0.9974821249420035 -0.07044207361145757 -0.008205162186311019
vn 0.9974821249420035 -0.07044207361145757 -0.008205162186311019
vn 0.9974821249420035 -0.07044207361145757 -0.008205162186311019
vn -0.9661241110613945 -0.0704428827653902 -0.24827807453243175
vn -0.9661241110613945 -0.0704428827653902 -0.24827807453243175
vn -0.9661241110613945 -0.0704428827653902 -0.24827807453243175
vn -0.9661241110613945 -0.0704428827653902 -0.24827807453243175
vn -0.9661241110613945 -0.0704428827653902 -0.24827807453243175
vn -0.9661241110613945 -0.0704428827653902 -0.24827807453243175
vn 0.0786186529894807 -0.7617875870146805 -0.6430387077559717
vn 0.0786186529894807 -0.7617875870146805 -0.6430387077559717
vn 0.0786186529894807 -0.7617875870146805 -0.6430387077559717
vn 0.0786186529894807 -0.7617875870146805 -0.6430387077559717
vn 0.0786186529894807 -0.7617875870146805 -0.6430387077559717
vn 0.0786186529894807 -0.7617875870146805 -0.6430387077559717
vn 0.9928258152638678 -0.10953089930480232 -0.047957091687439626
vn 0.9928258152638678 -0.10953089930480232 -0.047957091687439626
vn 0.9928258152638678 -0.10953089930480232 -0.047957091687439626
vn 0.9928258152638678 -0.10953089930480232 -0.047957091687439626
vn 0.9928258152638678 -0.10953089930480232 -0.047957091687439626
vn 0.9928258152638678 -0.10953089930480232 -0.047957091687439626
vn -0.9520279466235375 -0.10953306560434138 -0.28573641067789346
vn -0.9520279466235375 -0.10953306560434138 -0.28573641067789346
vn -0.9520279466235375 -0.10953306560434138 -0.28573641067789346
vn -0.9520279466235375 -0.10953306560434138 -0.28573641067789346
vn -0.9520279466235375 -0.10953306560434138 -0.28573641067789346
vn -0.9520279466235375 -0.10953306560434138 -0.28573641067789346
vn -0.07064830094966928 -0.8130845017681674 0.5778428943556682
vn -0.07064830094966928 -0.8130845017681674 0.5778428943556682
vn -0.07064830094966928 -0.8130845017681674 0.5778428943556682
vn -0.07064830094966928 -0.8130845017681674 0.5778428943556682
vn -0.07064830094966928 -0.8130845017681674 0.5778428943556682
vn -0.07064830094966928 -0.8130845017681674 0.5778428943556682
vn 0.12135846045988541 6.0993036509179105e-9 -0.992608746724915
vn 0.12135846045988541 6.0993036509179105e-9 -0.992608746724915
vn 0.12135846045988541 6.0993036509179105e-9 -0.992608746724915
vn 0.12135846045988541 6.0993036509179105e-9 -0.992608746724915
vn 0.12135846045988541 6.0993036509179105e-9 -0.992608746724915
vn 0.12135846045988541 6.0993036509179105e-9 -0.992608746724915
vn -2.8341677811292524e-8 -0.9999999999999991 3.063938315815543e-8
vn -2.8341677811292524e-8 -0.9999999999999991 3.063938315815543e-8
vn -2.8341677811292524e-8 -0.9999999999999991 3.063938315815543e-8
vn -2.8341677811292524e-8 -0.9999999999999991 3.063938315815543e-8
vn -2.8341677811292524e-8 -0.9999999999999991 3.063938315815543e-8
vn -2.8341677811292524e-8 -0.9999999999999991 3.063938315815543e-8
vn 0.524132651334953 0.08303521905872795 0.8475789734298872
vn 0.524132651334953 0.08303521905872795 0.8475789734298872
vn 0.524132651334953 0.08303521905872795 0.8475789734298872
vn 0.524132651334953 0.08303521905872795 0.8475789734298872
vn 0.524132651334953 0.08303521905872795 0.8475789734298872
vn 0.524132651334953 0.08303521905872795 0.8475789734298872
vn 0.8505167946249723 -5.3957308640638094e-8 -0.5259478891115164
vn 0.8505167946249723 -5.3957308640638094e-8 -0.5259478891115164
vn 0.8505167946249723 -5.3957308640638094e-8 -0.5259478891115164
vn 0.8505167946249723 -5.3957308640638094e-8 -0.5259478891115164
vn 0.8505167946249723 -5.3957308640638094e-8 -0.5259478891115164
vn 0.8505167946249723 -5.3957308640638094e-8 -0.5259478891115164
vn 0.5259489335321271 -1.0821097175814239e-7 0.8505161487687382
vn 0.5259489335321271 -1.0821097175814239e-7 0.8505161487687382
vn 0.5259489335321271 -1.0821097175814239e-7 0.8505161487687382
vn 0.5259489335321271 -1.0821097175814239e-7 0.8505161487687382
vn 0.5259489335321271 -1.0821097175814239e-7 0.8505161487687382
vn 0.5259489335321271 -1.0821097175814239e-7 0.8505161487687382
vn -0.8505164449784453 4.065253912485402e-8 0.5259484545287926
vn -0.8505164449784453 4.065253912485402e-8 0.5259484545287926
vn -0.8505164449784453 4.065253912485402e-8 0.5259484545287926
vn -0.8505164449784453 4.065253912485402e-8 0.5259484545287926
vn -0.8505164449784453 4.065253912485402e-8 0.5259484545287926
vn -0.8505164449784453 4.065253912485402e-8 0.5259484545287926
vn 0.8505167527912236 0.0000016785229016550577 -0.5259479567587038
vn 0.8505167527912236 0.0000016785229016550577 -0.5259479567587038
vn 0.8505167527912236 0.0000016785229016550577 -0.5259479567587038
vn 0.8505167527912236 0.0000016785229016550577 -0.5259479567587038
vn 0.8505167527912236 0.0000016785229016550577 -0.5259479567587038
vn 0.8505167527912236 0.0000016785229016550577 -0.5259479567587038
vn 0.8505167946249723 -5.3957308640638094e-8 -0.5259478891115164
vn 0.8505167946249723 -5.3957308640638094e-8 -0.5259478891115164
vn 0.8505167527912236 0.0000016785229016550577 -0.5259479567587038
vn 0.8505167946249723 -5.3957308640638094e-8 -0.5259478891115164
vn 0.8505167527912236 0.0000016785229016550577 -0.5259479567587038
vn 0.8505167527912236 0.0000016785229016550577 -0.5259479567587038
vn -0.8505164449784453 4.065253912485402e-8 0.5259484545287926
vn -0.8505164449784453 4.065253912485402e-8 0.5259484545287926
vn -0.8505164588278942 -6.591854346696772e-8 0.5259484321327087
vn -0.8505164449784453 4.065253912485402e-8 0.5259484545287926
vn -0.8505164588278942 -6.591854346696772e-8 0.5259484321327087
vn -0.8505164588278942 -6.591854346696772e-8 0.5259484321327087
vn -0.5224203253493657 0.11564193470269286 -0.8448100062144631
vn -0.5224203253493657 0.11564193470269286 -0.8448100062144631
vn -0.5224203253493657 0.11564193470269286 -0.8448100062144631
vn -0.5224203253493657 0.11564193470269286 -0.8448100062144631
vn -0.5224203253493657 0.11564193470269286 -0.8448100062144631
vn -0.5224203253493657 0.11564193470269286 -0.8448100062144631
vn -0.850516318912241 -7.782200282165436e-7 0.5259486583910691
vn -0.850516318912241 -7.782200282165436e-7 0.5259486583910691
vn -0.850516318912241 -7.782200282165436e-7 0.5259486583910691
vn -0.850516318912241 -7.782200282165436e-7 0.5259486583910691
vn -0.850516318912241 -7.782200282165436e-7 0.5259486583910691
vn -0.850516318912241 -7.782200282165436e-7 0.5259486583910691
vn -0.8505164588278942 -6.591854346696772e-8 0.5259484321327087
vn -0.8505164588278942 -6.591854346696772e-8 0.5259484321327087
vn -0.850516318912241 -7.782200282165436e-7 0.5259486583910691
vn -0.8505164588278942 -6.591854346696772e-8 0.5259484321327087
vn -0.850516318912241 -7.782200282165436e-7 0.5259486583910691
vn -0.850516318912241 -7.782200282165436e-7 0.5259486583910691
vn -0.2986405617309213 -0.8231579893149196 -0.48293347317830276
vn -0.2986405617309213 -0.8231579893149196 -0.48293347317830276
vn -0.2986405617309213 -0.8231579893149196 -0.48293347317830276
vn -0.2986405617309213 -0.8231579893149196 -0.48293347317830276
vn -0.2986405617309213 -0.8231579893149196 -0.48293347317830276
vn -0.2986405617309213 -0.8231579893149196 -0.48293347317830276
vn 0.2903727392435379 0.8337826734501262 0.4695637611214953
vn 0.2903727392435379 0.8337826734501262 0.4695637611214953
vn 0.2903727392435379 0.8337826734501262 0.4695637611214953
vn 0.2903727392435379 0.8337826734501262 0.4695637611214953
vn 0.2903727392435379 0.8337826734501262 0.4695637611214953
vn 0.2903727392435379 0.8337826734501262 0.4695637611214953
vn -0.027208390652026508 0.9986609825516697 -0.04399937962131398
vn -0.027208390652026508 0.9986609825516697 -0.04399937962131398
vn -0.027208390652026508 0.9986609825516697 -0.04399937962131398
vn -0.027208390652026508 0.9986609825516697 -0.04399937962131398
vn -0.027208390652026508 0.9986609825516697 -0.04399937962131398
vn -0.027208390652026508 0.9986609825516697 -0.04399937962131398
vn -0.17059856835907916 -0.945932680870642 -0.27587586290705607
vn -0.17059856835907916 -0.945932680870642 -0.27587586290705607
vn -0.17059856835907916 -0.945932680870642 -0.27587586290705607
vn -0.17059856835907916 -0.945932680870642 -0.27587586290705607
vn -0.17059856835907916 -0.945932680870642 -0.27587586290705607
vn -0.17059856835907916 -0.945932680870642 -0.27587586290705607
vn 0.1545976065597503 0.9558238388923631 0.25000073810103574
vn 0.1545976065597503 0.9558238388923631 0.25000073810103574
vn 0.1545976065597503 0.9558238388923631 0.25000073810103574
vn 0.1545976065597503 0.9558238388923631 0.25000073810103574
vn 0.1545976065597503 0.9558238388923631 0.25000073810103574
vn 0.1545976065597503 0.9558238388923631 0.25000073810103574
vn 0.8505167527912236 0.0000016785229016550577 -0.5259479567587038
vn 0.8505167527912236 0.0000016785229016550577 -0.5259479567587038
vn 0.8505165427751735 0.000002148015476269122 -0.5259482963763195
vn 0.8505167527912236 0.0000016785229016550577 -0.5259479567587038
vn 0.8505165427751735 0.000002148015476269122 -0.5259482963763195
vn 0.8505165427751735 0.000002148015476269122 -0.5259482963763195
vn -0.9079715133102955 -0.07592527202755188 0.41209596465453807
vn -0.9079715133102955 -0.07592527202755188 0.41209596465453807
vn -0.9079715133102955 -0.07592527202755188 0.41209596465453807
vn -0.9079715133102955 -0.07592527202755188 0.41209596465453807
vn -0.9079715133102955 -0.07592527202755188 0.41209596465453807
vn -0.9079715133102955 -0.07592527202755188 0.41209596465453807
vn 0.8505165427751735 0.000002148015476269122 -0.5259482963763195
vn 0.8505165427751735 0.000002148015476269122 -0.5259482963763195
vn 0.8505161651465433 0.0000016324963825749321 -0.5259489070449265
vn 0.8505165427751735 0.000002148015476269122 -0.5259482963763195
vn 0.8505161651465433 0.0000016324963825749321 -0.5259489070449265
vn 0.8505161651465433 0.0000016324963825749321 -0.5259489070449265
vn -0.850516318912241 -7.782200282165436e-7 0.5259486583910691
vn -0.850516318912241 -7.782200282165436e-7 0.5259486583910691
vn -0.8505161091809653 -0.0000011655704742552593 0.5259489975485395
vn -0.850516318912241 -7.782200282165436e-7 0.5259486583910691
vn -0.8505161091809653 -0.0000011655704742552593 0.5259489975485395
vn -0.8505161091809653 -0.0000011655704742552593 0.5259489975485395
vn 0.02254599226179975 -0.9990807625946772 0.036459676989368306
vn 0.02254599226179975 -0.9990807625946772 0.036459676989368306
vn 0.02254599226179975 -0.9990807625946772 0.036459676989368306
vn 0.02254599226179975 -0.9990807625946772 0.036459676989368306
vn 0.02254599226179975 -0.9990807625946772 0.036459676989368306
vn 0.02254599226179975 -0.9990807625946772 0.036459676989368306
vn 0.22435203005143914 -0.9044562769992178 0.3628016119155376
vn 0.22435203005143914 -0.9044562769992178 0.3628016119155376
vn 0.22435203005143914 -0.9044562769992178 0.3628016119155376
vn 0.22435203005143914 -0.9044562769992178 0.3628016119155376
vn 0.22435203005143914 -0.9044562769992178 0.3628016119155376
vn 0.22435203005143914 -0.9044562769992178 0.3628016119155376
vn 0.10358515775806251 -0.9804136698099364 0.1675086599016602
vn 0.10358515775806251 -0.9804136698099364 0.1675086599016602
vn 0.10358515775806251 -0.9804136698099364 0.1675086599016602
vn 0.10358515775806251 -0.9804136698099364 0.1675086599016602
vn 0.10358515775806251 -0.9804136698099364 0.1675086599016602
vn 0.10358515775806251 -0.9804136698099364 0.1675086599016602
vn -0.1454735312026599 0.9609872151278416 -0.2352467302222589
vn -0.1454735312026599 0.9609872151278416 -0.2352467302222589
vn -0.1454735312026599 0.9609872151278416 -0.2352467302222589
vn -0.1454735312026599 0.9609872151278416 -0.2352467302222589
vn -0.1454735312026599 0.9609872151278416 -0.2352467302222589
vn -0.1454735312026599 0.9609872151278416 -0.2352467302222589
vn 0.7743249831208369 -0.07592166323141424 -0.6282170974807129
vn 0.7743249831208369 -0.07592166323141424 -0.6282170974807129
vn 0.7743249831208369 -0.07592166323141424 -0.6282170974807129
vn 0.7743249831208369 -0.07592166323141424 -0.6282170974807129
vn 0.7743249831208369 -0.07592166323141424 -0.6282170974807129
vn 0.7743249831208369 -0.07592166323141424 -0.6282170974807129
vn -0.27929888757707366 0.8473480651533557 -0.45165627182523826
vn -0.27929888757707366 0.8473480651533557 -0.45165627182523826
vn -0.27929888757707366 0.8473480651533557 -0.45165627182523826
vn -0.27929888757707366 0.8473480651533557 -0.45165627182523826
vn -0.27929888757707366 0.8473480651533557 -0.45165627182523826
vn -0.27929888757707366 0.8473480651533557 -0.45165627182523826
vn -0.2698421180463817 0.8583534881708326 -0.43636512311733483
vn -0.2698421180463817 0.8583534881708326 -0.43636512311733483
vn -0.2698421180463817 0.8583534881708326 -0.43636512311733483
vn -0.2698421180463817 0.8583534881708326 -0.43636512311733483
vn -0.2698421180463817 0.8583534881708326 -0.43636512311733483
vn -0.2698421180463817 0.8583534881708326 -0.43636512311733483
vn 0.7583461953193902 -0.12699074866660778 -0.6393624932678641
vn 0.7583461953193902 -0.12699074866660778 -0.6393624932678641
vn 0.7583461953193902 -0.12699074866660778 -0.6393624932678641
vn 0.7583461953193902 -0.12699074866660778 -0.6393624932678641
vn 0.7583461953193902 -0.12699074866660778 -0.6393624932678641
vn 0.7583461953193902 -0.12699074866660778 -0.6393624932678641
vn -0.9108032255287603 -0.12699647576143347 0.39282232562646185
vn -0.9108032255287603 -0.12699647576143347 0.39282232562646185
vn -0.9108032255287603 -0.12699647576143347 0.39282232562646185
vn -0.9108032255287603 -0.12699647576143347 0.39282232562646185
vn -0.9108032255287603 -0.12699647576143347 0.39282232562646185
vn -0.9108032255287603 -0.12699647576143347 0.39282232562646185
vn -0.2460001891734141 -0.8838738759987015 -0.3978075894872753
vn -0.2460001891734141 -0.8838738759987015 -0.3978075894872753
vn -0.2460001891734141 -0.8838738759987015 -0.3978075894872753
vn -0.2460001891734141 -0.8838738759987015 -0.3978075894872753
vn -0.2460001891734141 -0.8838738759987015 -0.3978075894872753
vn -0.2460001891734141 -0.8838738759987015 -0.3978075894872753
vn 0.7205744628912037 -0.1956009389195587 -0.665216292737062
vn 0.7205744628912037 -0.1956009389195587 -0.665216292737062
vn 0.7205744628912037 -0.1956009389195587 -0.665216292737062
vn 0.7205744628912037 -0.1956009389195587 -0.665216292737062
vn 0.7205744628912037 -0.1956009389195587 -0.665216292737062
vn 0.7205744628912037 -0.1956009389195587 -0.665216292737062
vn -0.9170578393301122 -0.1956090969950401 0.3474794965116233
vn -0.9170578393301122 -0.1956090969950401 0.3474794965116233
vn -0.9170578393301122 -0.1956090969950401 0.3474794965116233
vn -0.9170578393301122 -0.1956090969950401 0.3474794965116233
vn -0.9170578393301122 -0.1956090969950401 0.3474794965116233
vn -0.9170578393301122 -0.1956090969950401 0.3474794965116233
vn 0.21403975778416118 -0.9134464270597445 0.3461251319674495
vn 0.21403975778416118 -0.9134464270597445 0.3461251319674495
vn 0.21403975778416118 -0.9134464270597445 0.3461251319674495
vn 0.21403975778416118 -0.9134464270597445 0.3461251319674495
vn 0.21403975778416118 -0.9134464270597445 0.3461251319674495
vn 0.21403975778416118 -0.9134464270597445 0.3461251319674495
vn -0.5259489988071945 1.191868100315597e-8 -0.8505161084034266
vn -0.5259489988071945 1.191868100315597e-8 -0.8505161084034266
vn -0.5259489988071945 1.191868100315597e-8 -0.8505161084034266
vn -0.5259489988071945 1.191868100315597e-8 -0.8505161084034266
vn -0.5259489988071945 1.191868100315597e-8 -0.8505161084034266
vn -0.5259489988071945 1.191868100315597e-8 -0.8505161084034266
vn -2.8341677811292524e-8 -0.9999999999999991 3.063938315815543e-8
vn -2.8341677811292524e-8 -0.9999999999999991 3.063938315815543e-8
vn -2.8341677811292524e-8 -0.9999999999999991 3.063938315815543e-8
vn -2.8341677811292524e-8 -0.9999999999999991 3.063938315815543e-8
vn -2.8341677811292524e-8 -0.9999999999999991 3.063938315815543e-8
vn -2.8341677811292524e-8 -0.9999999999999991 3.063938315815543e-8
vn -0.5367071948991478 0.04579637079922724 -0.8425248241833042
vn -0.5367071948991478 0.04579637079922724 -0.8425248241833042
vn -0.5367071948991478 0.04579637079922724 -0.8425248241833042
vn -0.5367071948991478 0.04579637079922724 -0.8425248241833042
vn -0.5367071948991478 0.04579637079922724 -0.8425248241833042
vn -0.5367071948991478 0.04579637079922724 -0.8425248241833042
vn -0.8434104628114737 6.345818325050962e-8 0.5372697564726043
vn -0.8434104628114737 6.345818325050962e-8 0.5372697564726043
vn -0.8434104628114737 6.345818325050962e-8 0.5372697564726043
vn -0.8434104628114737 6.345818325050962e-8 0.5372697564726043
vn -0.8434104628114737 6.345818325050962e-8 0.5372697564726043
vn -0.8434104628114737 6.345818325050962e-8 0.5372697564726043
vn -0.5372708719969237 3.334206732227216e-9 -0.8434097521985771
vn -0.5372708719969237 3.334206732227216e-9 -0.8434097521985771
vn -0.5372708719969237 3.334206732227216e-9 -0.8434097521985771
vn -0.5372708719969237 3.334206732227216e-9 -0.8434097521985771
vn -0.5372708719969237 3.334206732227216e-9 -0.8434097521985771
vn -0.5372708719969237 3.334206732227216e-9 -0.8434097521985771
vn 0.8434100758920092 -1.0118218653139549e-7 -0.5372703638614593
vn 0.8434100758920092 -1.0118218653139549e-7 -0.5372703638614593
vn 0.8434100758920092 -1.0118218653139549e-7 -0.5372703638614593
vn 0.8434100758920092 -1.0118218653139549e-7 -0.5372703638614593
vn 0.8434100758920092 -1.0118218653139549e-7 -0.5372703638614593
vn 0.8434100758920092 -1.0118218653139549e-7 -0.5372703638614593
vn -0.8439259234850753 0.0020362230681336647 0.5364558597550033
vn -0.8439259234850753 0.0020362230681336647 0.5364558597550033
vn -0.8439259234850753 0.0020362230681336647 0.5364558597550033
vn -0.8439259234850753 0.0020362230681336647 0.5364558597550033
vn -0.8439259234850753 0.0020362230681336647 0.5364558597550033
vn -0.8439259234850753 0.0020362230681336647 0.5364558597550033
vn -0.8451952231628496 -0.0007314824684752562 0.5344572009769344
vn -0.8451952231628496 -0.0007314824684752562 0.5344572009769344
vn -0.8451952231628496 -0.0007314824684752562 0.5344572009769344
vn -0.8451952231628496 -0.0007314824684752562 0.5344572009769344
vn -0.8451952231628496 -0.0007314824684752562 0.5344572009769344
vn -0.8451952231628496 -0.0007314824684752562 0.5344572009769344
vn 0.8451947240415542 0.0007315705254086229 -0.5344579901703103
vn 0.8451947240415542 0.0007315705254086229 -0.5344579901703103
vn 0.8451947240415542 0.0007315705254086229 -0.5344579901703103
vn 0.8451947240415542 0.0007315705254086229 -0.5344579901703103
vn 0.8451947240415542 0.0007315705254086229 -0.5344579901703103
vn 0.8451947240415542 0.0007315705254086229 -0.5344579901703103
vn 0.5340096517565367 -0.11001395733537443 0.838290296390381
vn 0.5340096517565367 -0.11001395733537443 0.838290296390381
vn 0.5340096517565367 -0.11001395733537443 0.838290296390381
vn 0.5340096517565367 -0.11001395733537443 0.838290296390381
vn 0.5340096517565367 -0.11001395733537443 0.838290296390381
vn 0.5340096517565367 -0.11001395733537443 0.838290296390381
vn 0.8434098687709883 -6.442737642038964e-7 -0.5372706890007024
vn 0.8434098687709883 -6.442737642038964e-7 -0.5372706890007024
vn 0.8434098687709883 -6.442737642038964e-7 -0.5372706890007024
vn 0.8434098687709883 -6.442737642038964e-7 -0.5372706890007024
vn 0.8434098687709883 -6.442737642038964e-7 -0.5372706890007024
vn 0.8434098687709883 -6.442737642038964e-7 -0.5372706890007024
vn 0.8439256340208433 -0.002035713079189126 -0.5364563170611163
vn 0.8439256340208433 -0.002035713079189126 -0.5364563170611163
vn 0.8439256340208433 -0.002035713079189126 -0.5364563170611163
vn 0.8439256340208433 -0.002035713079189126 -0.5364563170611163
vn 0.8439256340208433 -0.002035713079189126 -0.5364563170611163
vn 0.8439256340208433 -0.002035713079189126 -0.5364563170611163
vn 0.4636801216235835 -0.5051548127764984 0.7278869142523993
vn 0.4636801216235835 -0.5051548127764984 0.7278869142523993
vn 0.4636801216235835 -0.5051548127764984 0.7278869142523993
vn 0.4636801216235835 -0.5051548127764984 0.7278869142523993
vn 0.4636801216235835 -0.5051548127764984 0.7278869142523993
vn 0.4636801216235835 -0.5051548127764984 0.7278869142523993
vn -0.41323131764209525 0.6390916501781251 -0.6486923313808933
vn -0.41323131764209525 0.6390916501781251 -0.6486923313808933
vn -0.41323131764209525 0.6390916501781251 -0.6486923313808933
vn -0.41323131764209525 0.6390916501781251 -0.6486923313808933
vn -0.41323131764209525 0.6390916501781251 -0.6486923313808933
vn -0.41323131764209525 0.6390916501781251 -0.6486923313808933
vn 0.050361435197648 0.9955971563138111 0.0790571197596129
vn 0.050361435197648 0.9955971563138111 0.0790571197596129
vn 0.050361435197648 0.9955971563138111 0.0790571197596129
vn 0.050361435197648 0.9955971563138111 0.0790571197596129
vn 0.050361435197648 0.9955971563138111 0.0790571197596129
vn 0.050361435197648 0.9955971563138111 0.0790571197596129
vn 0.284172701977854 -0.8486724315127799 0.44609525825858254
vn 0.284172701977854 -0.8486724315127799 0.44609525825858254
vn 0.284172701977854 -0.8486724315127799 0.44609525825858254
vn 0.284172701977854 -0.8486724315127799 0.44609525825858254
vn 0.284172701977854 -0.8486724315127799 0.44609525825858254
vn 0.284172701977854 -0.8486724315127799 0.44609525825858254
vn -0.2621306966014732 0.8729032999935649 -0.4114940178903831
vn -0.2621306966014732 0.8729032999935649 -0.4114940178903831
vn -0.2621306966014732 0.8729032999935649 -0.4114940178903831
vn -0.2621306966014732 0.8729032999935649 -0.4114940178903831
vn -0.2621306966014732 0.8729032999935649 -0.4114940178903831
vn -0.2621306966014732 0.8729032999935649 -0.4114940178903831
vn -0.8434101451414207 0.000001236733796508627 0.5372702551519098
vn -0.8434101451414207 0.000001236733796508627 0.5372702551519098
vn -0.8434101451414207 0.000001236733796508627 0.5372702551519098
vn -0.8434101451414207 0.000001236733796508627 0.5372702551519098
vn -0.8434101451414207 0.000001236733796508627 0.5372702551519098
vn -0.8434101451414207 0.000001236733796508627 0.5372702551519098
vn 0.9042010591596381 -0.0418581807469404 -0.42505098202350367
vn 0.9042010591596381 -0.0418581807469404 -0.42505098202350367
vn 0.9042010591596381 -0.0418581807469404 -0.42505098202350367
vn 0.9042010591596381 -0.0418581807469404 -0.42505098202350367
vn 0.9042010591596381 -0.0418581807469404 -0.42505098202350367
vn 0.9042010591596381 -0.0418581807469404 -0.42505098202350367
vn -0.8434101451414207 0.000001236733796508627 0.5372702551519098
vn -0.8434101451414207 0.000001236733796508627 0.5372702551519098
vn -0.8434096476739866 0.000001154037836090978 0.537271036078728
vn -0.8434101451414207 0.000001236733796508627 0.5372702551519098
vn -0.8434096476739866 0.000001154037836090978 0.537271036078728
vn -0.8434096476739866 0.000001154037836090978 0.537271036078728
vn 0.8434098687709883 -6.442737642038964e-7 -0.5372706890007024
vn 0.8434098687709883 -6.442737642038964e-7 -0.5372706890007024
vn 0.8434096336985109 -6.402317582647528e-7 -0.5372710580183283
vn 0.8434098687709883 -6.442737642038964e-7 -0.5372706890007024
vn 0.8434096336985109 -6.402317582647528e-7 -0.5372710580183283
vn 0.8434096336985109 -6.402317582647528e-7 -0.5372710580183283
vn -0.041771580215066044 -0.996973080438176 -0.06557295149640863
vn -0.041771580215066044 -0.996973080438176 -0.06557295149640863
vn -0.041771580215066044 -0.996973080438176 -0.06557295149640863
vn -0.041771580215066044 -0.996973080438176 -0.06557295149640863
vn -0.041771580215066044 -0.996973080438176 -0.06557295149640863
vn -0.041771580215066044 -0.996973080438176 -0.06557295149640863
vn -0.3496622518318824 -0.7592393654755011 -0.5489006244815319
vn -0.3496622518318824 -0.7592393654755011 -0.5489006244815319
vn -0.3496622518318824 -0.7592393654755011 -0.5489006244815319
vn -0.3496622518318824 -0.7592393654755011 -0.5489006244815319
vn -0.3496622518318824 -0.7592393654755011 -0.5489006244815319
vn -0.3496622518318824 -0.7592393654755011 -0.5489006244815319
vn -0.18426521095188741 -0.9393482732866798 -0.28925966449919976
vn -0.18426521095188741 -0.9393482732866798 -0.28925966449919976
vn -0.18426521095188741 -0.9393482732866798 -0.28925966449919976
vn -0.18426521095188741 -0.9393482732866798 -0.28925966449919976
vn -0.18426521095188741 -0.9393482732866798 -0.28925966449919976
vn -0.18426521095188741 -0.9393482732866798 -0.28925966449919976
vn 0.24903977491540297 0.8860826118212288 0.3909434684684666
vn 0.24903977491540297 0.8860826118212288 0.3909434684684666
vn 0.24903977491540297 0.8860826118212288 0.3909434684684666
vn 0.24903977491540297 0.8860826118212288 0.3909434684684666
vn 0.24903977491540297 0.8860826118212288 0.3909434684684666
vn 0.24903977491540297 0.8860826118212288 0.3909434684684666
vn -0.7674022780486897 -0.041857114822076415 0.6397981912950779
vn -0.7674022780486897 -0.041857114822076415 0.6397981912950779
vn -0.7674022780486897 -0.041857114822076415 0.6397981912950779
vn -0.7674022780486897 -0.041857114822076415 0.6397981912950779
vn -0.7674022780486897 -0.041857114822076415 0.6397981912950779
vn -0.7674022780486897 -0.041857114822076415 0.6397981912950779
vn 0.4037511656386886 0.6597496544712071 0.6338102158142633
vn 0.4037511656386886 0.6597496544712071 0.6338102158142633
vn 0.4037511656386886 0.6597496544712071 0.6338102158142633
vn 0.4037511656386886 0.6597496544712071 0.6338102158142633
vn 0.4037511656386886 0.6597496544712071 0.6338102158142633
vn 0.4037511656386886 0.6597496544712071 0.6338102158142633
vn 0.39529611280573645 0.6772542296417698 0.6205382273744361
vn 0.39529611280573645 0.6772542296417698 0.6205382273744361
vn 0.39529611280573645 0.6772542296417698 0.6205382273744361
vn 0.39529611280573645 0.6772542296417698 0.6205382273744361
vn 0.39529611280573645 0.6772542296417698 0.6205382273744361
vn 0.39529611280573645 0.6772542296417698 0.6205382273744361
vn -0.753984287884 -0.07026848893470125 0.6531232908776805
vn -0.753984287884 -0.07026848893470125 0.6531232908776805
vn -0.753984287884 -0.07026848893470125 0.6531232908776805
vn -0.753984287884 -0.07026848893470125 0.6531232908776805
vn -0.753984287884 -0.07026848893470125 0.6531232908776805
vn -0.753984287884 -0.07026848893470125 0.6531232908776805
vn 0.9106057432801204 -0.07026986144419065 -0.4072583048605314
vn 0.9106057432801204 -0.07026986144419065 -0.4072583048605314
vn 0.9106057432801204 -0.07026986144419065 -0.4072583048605314
vn 0.9106057432801204 -0.07026986144419065 -0.4072583048605314
vn 0.9106057432801204 -0.07026986144419065 -0.4072583048605314
vn 0.9106057432801204 -0.07026986144419065 -0.4072583048605314
vn 0.3724354240534884 -0.7207463402124814 0.5846508085861272
vn 0.3724354240534884 -0.7207463402124814 0.5846508085861272
vn 0.3724354240534884 -0.7207463402124814 0.5846508085861272
vn 0.3724354240534884 -0.7207463402124814 0.5846508085861272
vn 0.3724354240534884 -0.7207463402124814 0.5846508085861272
vn 0.3724354240534884 -0.7207463402124814 0.5846508085861272
vn -0.7213051793077757 -0.10908704422739839 0.6839728467457661
vn -0.7213051793077757 -0.10908704422739839 0.6839728467457661
vn -0.7213051793077757 -0.10908704422739839 0.6839728467457661
vn -0.7213051793077757 -0.10908704422739839 0.6839728467457661
vn -0.7213051793077757 -0.10908704422739839 0.6839728467457661
vn -0.7213051793077757 -0.10908704422739839 0.6839728467457661
vn 0.9247504776189214 -0.10908898956384898 -0.3646040955605343
vn 0.9247504776189214 -0.10908898956384898 -0.3646040955605343
vn 0.9247504776189214 -0.10908898956384898 -0.3646040955605343
vn 0.9247504776189214 -0.10908898956384898 -0.3646040955605343
vn 0.9247504776189214 -0.10908898956384898 -0.3646040955605343
vn 0.9247504776189214 -0.10908898956384898 -0.3646040955605343
vn -0.3381044427634048 -0.7771629612102264 -0.5307571172453551
vn -0.3381044427634048 -0.7771629612102264 -0.5307571172453551
vn -0.3381044427634048 -0.7771629612102264 -0.5307571172453551
vn -0.3381044427634048 -0.7771629612102264 -0.5307571172453551
vn -0.3381044427634048 -0.7771629612102264 -0.5307571172453551
vn -0.3381044427634048 -0.7771629612102264 -0.5307571172453551
vn 0.5372708882803047 5.96694687144737e-8 0.843409741825697
vn 0.5372708882803047 5.96694687144737e-8 0.843409741825697
vn 0.5372708882803047 5.96694687144737e-8 0.843409741825697
vn 0.5372708882803047 5.96694687144737e-8 0.843409741825697
vn 0.5372708882803047 5.96694687144737e-8 0.843409741825697
vn 0.5372708882803047 5.96694687144737e-8 0.843409741825697
vn 3.32952748124018e-7 -0.9999999999998933 3.2011831235272787e-7
vn 3.32952748124018e-7 -0.9999999999998933 3.2011831235272787e-7
vn 3.32952748124018e-7 -0.9999999999998933 3.2011831235272787e-7
vn 3.32952748124018e-7 -0.9999999999998933 3.2011831235272787e-7
vn 3.32952748124018e-7 -0.9999999999998933 3.2011831235272787e-7
vn 3.32952748124018e-7 -0.9999999999998933 3.2011831235272787e-7
vn -0.9963926132520615 0.06465986767946336 0.05496236683769978
vn -0.9963926132520615 0.06465986767946336 0.05496236683769978
vn -0.9963926132520615 0.06465986767946336 0.05496236683769978
vn -0.9963926132520615 0.06465986767946336 0.05496236683769978
vn -0.9963926132520615 0.06465986767946336 0.05496236683769978
vn -0.9963926132520615 0.06465986767946336 0.05496236683769978
vn 0.05507644361991635 8.82247473185986e-8 0.9984821407307065
vn 0.05507644361991635 8.82247473185986e-8 0.9984821407307065
vn 0.05507644361991635 8.82247473185986e-8 0.9984821407307065
vn 0.05507644361991635 8.82247473185986e-8 0.9984821407307065
vn 0.05507644361991635 8.82247473185986e-8 0.9984821407307065
vn 0.05507644361991635 8.82247473185986e-8 0.9984821407307065
vn -0.9984820773015887 3.062259395977914e-8 0.05507759351590484
vn -0.9984820773015887 3.062259395977914e-8 0.05507759351590484
vn -0.9984820773015887 3.062259395977914e-8 0.05507759351590484
vn -0.9984820773015887 3.062259395977914e-8 0.05507759351590484
vn -0.9984820773015887 3.062259395977914e-8 0.05507759351590484
vn -0.9984820773015887 3.062259395977914e-8 0.05507759351590484
vn -0.055077305367666037 -9.57163428964801e-8 -0.9984820931961813
vn -0.055077305367666037 -9.57163428964801e-8 -0.9984820931961813
vn -0.055077305367666037 -9.57163428964801e-8 -0.9984820931961813
vn -0.055077305367666037 -9.57163428964801e-8 -0.9984820931961813
vn -0.055077305367666037 -9.57163428964801e-8 -0.9984820931961813
vn -0.055077305367666037 -9.57163428964801e-8 -0.9984820931961813
vn 0.05422543614232792 0.0025451318165731485 0.998525475077732
vn 0.05422543614232792 0.0025451318165731485 0.998525475077732
vn 0.05422543614232792 0.0025451318165731485 0.998525475077732
vn 0.05422543614232792 0.0025451318165731485 0.998525475077732
vn 0.05422543614232792 0.0025451318165731485 0.998525475077732
vn 0.05422543614232792 0.0025451318165731485 0.998525475077732
vn 0.052134727771115816 -0.0009143320043994174 0.9986396417913809
vn 0.052134727771115816 -0.0009143320043994174 0.9986396417913809
vn 0.052134727771115816 -0.0009143320043994174 0.9986396417913809
vn 0.052134727771115816 -0.0009143320043994174 0.9986396417913809
vn 0.052134727771115816 -0.0009143320043994174 0.9986396417913809
vn 0.052134727771115816 -0.0009143320043994174 0.9986396417913809
vn -0.05213566659860861 0.0009143492407488695 -0.9986395927629671
vn -0.05213566659860861 0.0009143492407488695 -0.9986395927629671
vn -0.05213566659860861 0.0009143492407488695 -0.9986395927629671
vn -0.05213566659860861 0.0009143492407488695 -0.9986395927629671
vn -0.05213566659860861 0.0009143492407488695 -0.9986395927629671
vn -0.05213566659860861 0.0009143492407488695 -0.9986395927629671
vn 0.9864836013403017 -0.15456073147052324 -0.054415848555044805
vn 0.9864836013403017 -0.15456073147052324 -0.054415848555044805
vn 0.9864836013403017 -0.15456073147052324 -0.054415848555044805
vn 0.9864836013403017 -0.15456073147052324 -0.054415848555044805
vn 0.9864836013403017 -0.15456073147052324 -0.054415848555044805
vn 0.9864836013403017 -0.15456073147052324 -0.054415848555044805
vn -0.05507741874761823 -4.540453090945504e-7 -0.9984820869419209
vn -0.05507741874761823 -4.540453090945504e-7 -0.9984820869419209
vn -0.05507741874761823 -4.540453090945504e-7 -0.9984820869419209
vn -0.05507741874761823 -4.540453090945504e-7 -0.9984820869419209
vn -0.05507741874761823 -4.540453090945504e-7 -0.9984820869419209
vn -0.05507741874761823 -4.540453090945504e-7 -0.9984820869419209
vn -0.0542260295588275 -0.0025444667700264684 -0.9985254445466782
vn -0.0542260295588275 -0.0025444667700264684 -0.9985254445466782
vn -0.0542260295588275 -0.0025444667700264684 -0.9985254445466782
vn -0.0542260295588275 -0.0025444667700264684 -0.9985254445466782
vn -0.0542260295588275 -0.0025444667700264684 -0.9985254445466782
vn -0.0542260295588275 -0.0025444667700264684 -0.9985254445466782
vn 0.7693375226358276 -0.6374314165722226 -0.04243778306294286
vn 0.7693375226358276 -0.6374314165722226 -0.04243778306294286
vn 0.7693375226358276 -0.6374314165722226 -0.04243778306294286
vn 0.7693375226358276 -0.6374314165722226 -0.04243778306294286
vn 0.7693375226358276 -0.6374314165722226 -0.04243778306294286
vn 0.7693375226358276 -0.6374314165722226 -0.04243778306294286
vn -0.6473225356532755 0.7613793632967261 0.03570714188066657
vn -0.6473225356532755 0.7613793632967261 0.03570714188066657
vn -0.6473225356532755 0.7613793632967261 0.03570714188066657
vn -0.6473225356532755 0.7613793632967261 0.03570714188066657
vn -0.6473225356532755 0.7613793632967261 0.03570714188066657
vn -0.6473225356532755 0.7613793632967261 0.03570714188066657
vn 0.06636566213940391 0.9977886527201066 -0.0036610642978395697
vn 0.06636566213940391 0.9977886527201066 -0.0036610642978395697
vn 0.06636566213940391 0.9977886527201066 -0.0036610642978395697
vn 0.06636566213940391 0.9977886527201066 -0.0036610642978395697
vn 0.06636566213940391 0.9977886527201066 -0.0036610642978395697
vn 0.06636566213940391 0.9977886527201066 -0.0036610642978395697
vn 0.40285576567648484 -0.9149936700552022 -0.022221967062464407
vn 0.40285576567648484 -0.9149936700552022 -0.022221967062464407
vn 0.40285576567648484 -0.9149936700552022 -0.022221967062464407
vn 0.40285576567648484 -0.9149936700552022 -0.022221967062464407
vn 0.40285576567648484 -0.9149936700552022 -0.022221967062464407
vn 0.40285576567648484 -0.9149936700552022 -0.022221967062464407
vn -0.3671890601915048 0.929925778510633 0.020254395500051505
vn -0.3671890601915048 0.929925778510633 0.020254395500051505
vn -0.3671890601915048 0.929925778510633 0.020254395500051505
vn -0.3671890601915048 0.929925778510633 0.020254395500051505
vn -0.3671890601915048 0.929925778510633 0.020254395500051505
vn -0.3671890601915048 0.929925778510633 0.020254395500051505
vn 0.05507706951918052 0.0000014576987775001013 0.9984821062047403
vn 0.05507706951918052 0.0000014576987775001013 0.9984821062047403
vn 0.05507706951918052 0.0000014576987775001013 0.9984821062047403
vn 0.05507706951918052 0.0000014576987775001013 0.9984821062047403
vn 0.05507706951918052 0.0000014576987775001013 0.9984821062047403
vn 0.05507706951918052 0.0000014576987775001013 0.9984821062047403
vn 0.057904835056235775 -0.05238477596443392 -0.9969467715601803
vn 0.057904835056235775 -0.05238477596443392 -0.9969467715601803
vn 0.057904835056235775 -0.05238477596443392 -0.9969467715601803
vn 0.057904835056235775 -0.05238477596443392 -0.9969467715601803
vn 0.057904835056235775 -0.05238477596443392 -0.9969467715601803
vn 0.057904835056235775 -0.05238477596443392 -0.9969467715601803
vn 0.05507706951918052 0.0000014576987775001013 0.9984821062047403
vn 0.05507706951918052 0.0000014576987775001013 0.9984821062047403
vn 0.0550777861535227 0.0000015981660209796156 0.9984820666741455
vn 0.05507706951918052 0.0000014576987775001013 0.9984821062047403
vn 0.0550777861535227 0.0000015981660209796156 0.9984820666741455
vn 0.0550777861535227 0.0000015981660209796156 0.9984820666741455
vn -0.05507741874761823 -4.540453090945504e-7 -0.9984820869419209
vn -0.05507741874761823 -4.540453090945504e-7 -0.9984820869419209
vn -0.0550776228619904 -5.574073472280625e-7 -0.9984820756826643
vn -0.05507741874761823 -4.540453090945504e-7 -0.9984820869419209
vn -0.0550776228619904 -5.574073472280625e-7 -0.9984820756826643
vn -0.0550776228619904 -5.574073472280625e-7 -0.9984820756826643
vn -0.05500822447888546 -0.998481289949534 0.0030346104190171644
vn -0.05500822447888546 -0.998481289949534 0.0030346104190171644
vn -0.05500822447888546 -0.998481289949534 0.0030346104190171644
vn -0.05500822447888546 -0.998481289949534 0.0030346104190171644
vn -0.05500822447888546 -0.998481289949534 0.0030346104190171644
vn -0.05500822447888546 -0.998481289949534 0.0030346104190171644
vn -0.5177790071655103 -0.8550375010716873 0.028561713880346742
vn -0.5177790071655103 -0.8550375010716873 0.028561713880346742
vn -0.5177790071655103 -0.8550375010716873 0.028561713880346742
vn -0.5177790071655103 -0.8550375010716873 0.028561713880346742
vn -0.5177790071655103 -0.8550375010716873 0.028561713880346742
vn -0.5177790071655103 -0.8550375010716873 0.028561713880346742
vn -0.2497343004223883 -0.9682164027612108 0.013775943404399613
vn -0.2497343004223883 -0.9682164027612108 0.013775943404399613
vn -0.2497343004223883 -0.9682164027612108 0.013775943404399613
vn -0.2497343004223883 -0.9682164027612108 0.013775943404399613
vn -0.2497343004223883 -0.9682164027612108 0.013775943404399613
vn -0.2497343004223883 -0.9682164027612108 0.013775943404399613
vn 0.34658155717591116 0.9378249966380445 -0.019118051845634393
vn 0.34658155717591116 0.9378249966380445 -0.019118051845634393
vn 0.34658155717591116 0.9378249966380445 -0.019118051845634393
vn 0.34658155717591116 0.9378249966380445 -0.019118051845634393
vn 0.34658155717591116 0.9378249966380445 -0.019118051845634393
vn 0.34658155717591116 0.9378249966380445 -0.019118051845634393
vn 0.16720625349944052 -0.05238258828443257 0.9845293968365315
vn 0.16720625349944052 -0.05238258828443257 0.9845293968365315
vn 0.16720625349944052 -0.05238258828443257 0.9845293968365315
vn 0.16720625349944052 -0.05238258828443257 0.9845293968365315
vn 0.16720625349944052 -0.05238258828443257 0.9845293968365315
vn 0.16720625349944052 -0.05238258828443257 0.9845293968365315
vn 0.6265423924017397 0.7786206685863803 -0.03456132193077318
vn 0.6265423924017397 0.7786206685863803 -0.03456132193077318
vn 0.6265423924017397 0.7786206685863803 -0.03456132193077318
vn 0.6265423924017397 0.7786206685863803 -0.03456132193077318
vn 0.6265423924017397 0.7786206685863803 -0.03456132193077318
vn 0.6265423924017397 0.7786206685863803 -0.03456132193077318
vn 0.6084893126129046 0.7928519084899008 -0.03356497638606213
vn 0.6084893126129046 0.7928519084899008 -0.03356497638606213
vn 0.6084893126129046 0.7928519084899008 -0.03356497638606213
vn 0.6084893126129046 0.7928519084899008 -0.03356497638606213
vn 0.6084893126129046 0.7928519084899008 -0.03356497638606213
vn 0.6084893126129046 0.7928519084899008 -0.03356497638606213
vn 0.18322402217258263 -0.08790892908057493 0.9791327682632257
vn 0.18322402217258263 -0.08790892908057493 0.9791327682632257
vn 0.18322402217258263 -0.08790892908057493 0.9791327682632257
vn 0.18322402217258263 -0.08790892908057493 0.9791327682632257
vn 0.18322402217258263 -0.08790892908057493 0.9791327682632257
vn 0.18322402217258263 -0.08790892908057493 0.9791327682632257
vn 0.0744187384191316 -0.08791061514268915 -0.9933446406546617
vn 0.0744187384191316 -0.08791061514268915 -0.9933446406546617
vn 0.0744187384191316 -0.08791061514268915 -0.9933446406546617
vn 0.0744187384191316 -0.08791061514268915 -0.9933446406546617
vn 0.0744187384191316 -0.08791061514268915 -0.9933446406546617
vn 0.0744187384191316 -0.08791061514268915 -0.9933446406546617
vn 0.5617253638797318 -0.8267432972748475 -0.030986061145232717
vn 0.5617253638797318 -0.8267432972748475 -0.030986061145232717
vn 0.5617253638797318 -0.8267432972748475 -0.030986061145232717
vn 0.5617253638797318 -0.8267432972748475 -0.030986061145232717
vn 0.5617253638797318 -0.8267432972748475 -0.030986061145232717
vn 0.5617253638797318 -0.8267432972748475 -0.030986061145232717
vn 0.22104969141304737 -0.13642314346797368 0.9656737336453307
vn 0.22104969141304737 -0.13642314346797368 0.9656737336453307
vn 0.22104969141304737 -0.13642314346797368 0.9656737336453307
vn 0.22104969141304737 -0.13642314346797368 0.9656737336453307
vn 0.22104969141304737 -0.13642314346797368 0.9656737336453307
vn 0.22104969141304737 -0.13642314346797368 0.9656737336453307
vn 0.11349354150204259 -0.1364255041747027 -0.9841276837118254
vn 0.11349354150204259 -0.1364255041747027 -0.9841276837118254
vn 0.11349354150204259 -0.1364255041747027 -0.9841276837118254
vn 0.11349354150204259 -0.1364255041747027 -0.9841276837118254
vn 0.11349354150204259 -0.1364255041747027 -0.9841276837118254
vn 0.11349354150204259 -0.1364255041747027 -0.9841276837118254
vn -0.4963547497127441 -0.8676879016168816 0.02738006255091255
vn -0.4963547497127441 -0.8676879016168816 0.02738006255091255
vn -0.4963547497127441 -0.8676879016168816 0.02738006255091255
vn -0.4963547497127441 -0.8676879016168816 0.02738006255091255
vn -0.4963547497127441 -0.8676879016168816 0.02738006255091255
vn -0.4963547497127441 -0.8676879016168816 0.02738006255091255
vn 0.9984820646372627 -1.2717298467405902e-8 -0.05507782310248891
vn 0.9984820646372627 -1.2717298467405902e-8 -0.05507782310248891
vn 0.9984820646372627 -1.2717298467405902e-8 -0.05507782310248891
vn 0.9984820646372627 -1.2717298467405902e-8 -0.05507782310248891
vn 0.9984820646372627 -1.2717298467405902e-8 -0.05507782310248891
vn 0.9984820646372627 -1.2717298467405902e-8 -0.05507782310248891
vn 1.9471303964432773e-7 -0.999999999999959 2.093568947657452e-7
vn 1.9471303964432773e-7 -0.999999999999959 2.093568947657452e-7
vn 1.9471303964432773e-7 -0.999999999999959 2.093568947657452e-7
vn 1.9471303964432773e-7 -0.999999999999959 2.093568947657452e-7
vn 1.9471303964432773e-7 -0.999999999999959 2.093568947657452e-7
vn 1.9471303964432773e-7 -0.999999999999959 2.093568947657452e-7
vn -0.5125622153221013 0.08303521150016464 -0.8546257245573777
vn -0.5125622153221013 0.08303521150016464 -0.8546257245573777
vn -0.5125622153221013 0.08303521150016464 -0.8546257245573777
vn -0.5125622153221013 0.08303521150016464 -0.8546257245573777
vn -0.5125622153221013 0.08303521150016464 -0.8546257245573777
vn -0.5125622153221013 0.08303521150016464 -0.8546257245573777
vn -0.8575878451008753 1.4356328008618656e-7 0.5143375233591426
vn -0.8575878451008753 1.4356328008618656e-7 0.5143375233591426
vn -0.8575878451008753 1.4356328008618656e-7 0.5143375233591426
vn -0.8575878451008753 1.4356328008618656e-7 0.5143375233591426
vn -0.8575878451008753 1.4356328008618656e-7 0.5143375233591426
vn -0.8575878451008753 1.4356328008618656e-7 0.5143375233591426
vn -0.5143383981938475 -8.133388735279053e-8 -0.857587320418965
vn -0.5143383981938475 -8.133388735279053e-8 -0.857587320418965
vn -0.5143383981938475 -8.133388735279053e-8 -0.857587320418965
vn -0.5143383981938475 -8.133388735279053e-8 -0.857587320418965
vn -0.5143383981938475 -8.133388735279053e-8 -0.857587320418965
vn -0.5143383981938475 -8.133388735279053e-8 -0.857587320418965
vn 0.8575876323551244 -1.4277184385971178e-7 -0.5143378780835721
vn 0.8575876323551244 -1.4277184385971178e-7 -0.5143378780835721
vn 0.8575876323551244 -1.4277184385971178e-7 -0.5143378780835721
vn 0.8575876323551244 -1.4277184385971178e-7 -0.5143378780835721
vn 0.8575876323551244 -1.4277184385971178e-7 -0.5143378780835721
vn 0.8575876323551244 -1.4277184385971178e-7 -0.5143378780835721
vn -0.8575879437302871 0.0000018415456671719742 0.5143373589047042
vn -0.8575879437302871 0.0000018415456671719742 0.5143373589047042
vn -0.8575879437302871 0.0000018415456671719742 0.5143373589047042
vn -0.8575879437302871 0.0000018415456671719742 0.5143373589047042
vn -0.8575879437302871 0.0000018415456671719742 0.5143373589047042
vn -0.8575879437302871 0.0000018415456671719742 0.5143373589047042
vn -0.8575878451008753 1.4356328008618656e-7 0.5143375233591426
vn -0.8575878451008753 1.4356328008618656e-7 0.5143375233591426
vn -0.8575879437302871 0.0000018415456671719742 0.5143373589047042
vn -0.8575878451008753 1.4356328008618656e-7 0.5143375233591426
vn -0.8575879437302871 0.0000018415456671719742 0.5143373589047042
vn -0.8575879437302871 0.0000018415456671719742 0.5143373589047042
vn 0.8575876323551244 -1.4277184385971178e-7 -0.5143378780835721
vn 0.8575876323551244 -1.4277184385971178e-7 -0.5143378780835721
vn 0.857587717276008 -4.05044519001027e-8 -0.5143377364896767
vn 0.8575876323551244 -1.4277184385971178e-7 -0.5143378780835721
vn 0.857587717276008 -4.05044519001027e-8 -0.5143377364896767
vn 0.857587717276008 -4.05044519001027e-8 -0.5143377364896767
vn 0.5108877321190305 0.11564192804440816 0.851833710091615
vn 0.5108877321190305 0.11564192804440816 0.851833710091615
vn 0.5108877321190305 0.11564192804440816 0.851833710091615
vn 0.5108877321190305 0.11564192804440816 0.851833710091615
vn 0.5108877321190305 0.11564192804440816 0.851833710091615
vn 0.5108877321190305 0.11564192804440816 0.851833710091615
vn 0.8575874342061506 -8.593769347988216e-7 -0.5143382084688757
vn 0.8575874342061506 -8.593769347988216e-7 -0.5143382084688757
vn 0.8575874342061506 -8.593769347988216e-7 -0.5143382084688757
vn 0.8575874342061506 -8.593769347988216e-7 -0.5143382084688757
vn 0.8575874342061506 -8.593769347988216e-7 -0.5143382084688757
vn 0.8575874342061506 -8.593769347988216e-7 -0.5143382084688757
vn 0.857587717276008 -4.05044519001027e-8 -0.5143377364896767
vn 0.857587717276008 -4.05044519001027e-8 -0.5143377364896767
vn 0.8575874342061506 -8.593769347988216e-7 -0.5143382084688757
vn 0.857587717276008 -4.05044519001027e-8 -0.5143377364896767
vn 0.8575874342061506 -8.593769347988216e-7 -0.5143382084688757
vn 0.8575874342061506 -8.593769347988216e-7 -0.5143382084688757
vn 0.29204765645376457 -0.8231579209958639 0.48694887150668204
vn 0.29204765645376457 -0.8231579209958639 0.48694887150668204
vn 0.29204765645376457 -0.8231579209958639 0.48694887150668204
vn 0.29204765645376457 -0.8231579209958639 0.48694887150668204
vn 0.29204765645376457 -0.8231579209958639 0.48694887150668204
vn 0.29204765645376457 -0.8231579209958639 0.48694887150668204
vn -0.2839624895641333 0.833782547139456 -0.47346802279159295
vn -0.2839624895641333 0.833782547139456 -0.47346802279159295
vn -0.2839624895641333 0.833782547139456 -0.47346802279159295
vn -0.2839624895641333 0.833782547139456 -0.47346802279159295
vn -0.2839624895641333 0.833782547139456 -0.47346802279159295
vn -0.2839624895641333 0.833782547139456 -0.47346802279159295
vn 0.026608021511640337 0.9986609914723898 0.04436482055209278
vn 0.026608021511640337 0.9986609914723898 0.04436482055209278
vn 0.026608021511640337 0.9986609914723898 0.04436482055209278
vn 0.026608021511640337 0.9986609914723898 0.04436482055209278
vn 0.026608021511640337 0.9986609914723898 0.04436482055209278
vn 0.026608021511640337 0.9986609914723898 0.04436482055209278
vn 0.166832390815944 -0.9459325836211279 0.27816991321581463
vn 0.166832390815944 -0.9459325836211279 0.27816991321581463
vn 0.166832390815944 -0.9459325836211279 0.27816991321581463
vn 0.166832390815944 -0.9459325836211279 0.27816991321581463
vn 0.166832390815944 -0.9459325836211279 0.27816991321581463
vn 0.166832390815944 -0.9459325836211279 0.27816991321581463
vn -0.15118468594966666 0.9558237562490522 -0.25207962576188686
vn -0.15118468594966666 0.9558237562490522 -0.25207962576188686
vn -0.15118468594966666 0.9558237562490522 -0.25207962576188686
vn -0.15118468594966666 0.9558237562490522 -0.25207962576188686
vn -0.15118468594966666 0.9558237562490522 -0.25207962576188686
vn -0.15118468594966666 0.9558237562490522 -0.25207962576188686
vn -0.8575879437302871 0.0000018415456671719742 0.5143373589047042
vn -0.8575879437302871 0.0000018415456671719742 0.5143373589047042
vn -0.8575876597727221 0.000002324331731795576 0.5143378323632662
vn -0.8575879437302871 0.0000018415456671719742 0.5143373589047042
vn -0.8575876597727221 0.000002324331731795576 0.5143378323632662
vn -0.8575876597727221 0.000002324331731795576 0.5143378323632662
vn 0.9134896693838792 -0.07592558895619976 -0.3997148094211489
vn 0.9134896693838792 -0.07592558895619976 -0.3997148094211489
vn 0.9134896693838792 -0.07592558895619976 -0.3997148094211489
vn 0.9134896693838792 -0.07592558895619976 -0.3997148094211489
vn 0.9134896693838792 -0.07592558895619976 -0.3997148094211489
vn 0.9134896693838792 -0.07592558895619976 -0.3997148094211489
vn -0.8575876597727221 0.000002324331731795576 0.5143378323632662
vn -0.8575876597727221 0.000002324331731795576 0.5143378323632662
vn -0.8575872068614789 0.00000237513094430178 0.5143385875295434
vn -0.8575876597727221 0.000002324331731795576 0.5143378323632662
vn -0.8575872068614789 0.00000237513094430178 0.5143385875295434
vn -0.8575872068614789 0.00000237513094430178 0.5143385875295434
vn 0.8575874342061506 -8.593769347988216e-7 -0.5143382084688757
vn 0.8575874342061506 -8.593769347988216e-7 -0.5143382084688757
vn 0.8575872351704357 -9.548995484004103e-7 -0.5143385403329367
vn 0.8575874342061506 -8.593769347988216e-7 -0.5143382084688757
vn 0.8575872351704357 -9.548995484004103e-7 -0.5143385403329367
vn 0.8575872351704357 -9.548995484004103e-7 -0.5143385403329367
vn -0.022048558151764108 -0.9990807681800966 -0.03676247728454208
vn -0.022048558151764108 -0.9990807681800966 -0.03676247728454208
vn -0.022048558151764108 -0.9990807681800966 -0.03676247728454208
vn -0.022048558151764108 -0.9990807681800966 -0.03676247728454208
vn -0.022048558151764108 -0.9990807681800966 -0.03676247728454208
vn -0.022048558151764108 -0.9990807681800966 -0.03676247728454208
vn -0.21939968028918116 -0.904456340109588 -0.3658175899605901
vn -0.21939968028918116 -0.904456340109588 -0.3658175899605901
vn -0.21939968028918116 -0.904456340109588 -0.3658175899605901
vn -0.21939968028918116 -0.904456340109588 -0.3658175899605901
vn -0.21939968028918116 -0.904456340109588 -0.3658175899605901
vn -0.21939968028918116 -0.904456340109588 -0.3658175899605901
vn -0.10129870249792015 -0.980413700924631 -0.16890100032713287
vn -0.10129870249792015 -0.980413700924631 -0.16890100032713287
vn -0.10129870249792015 -0.980413700924631 -0.16890100032713287
vn -0.10129870249792015 -0.980413700924631 -0.16890100032713287
vn -0.10129870249792015 -0.980413700924631 -0.16890100032713287
vn -0.10129870249792015 -0.980413700924631 -0.16890100032713287
vn 0.14226236522478672 0.9609872453087835 0.2372023056264114
vn 0.14226236522478672 0.9609872453087835 0.2372023056264114
vn 0.14226236522478672 0.9609872453087835 0.2372023056264114
vn 0.14226236522478672 0.9609872453087835 0.2372023056264114
vn 0.14226236522478672 0.9609872453087835 0.2372023056264114
vn 0.14226236522478672 0.9609872453087835 0.2372023056264114
vn -0.7827933815870604 -0.0759216374737514 0.6176329222983497
vn -0.7827933815870604 -0.0759216374737514 0.6176329222983497
vn -0.7827933815870604 -0.0759216374737514 0.6176329222983497
vn -0.7827933815870604 -0.0759216374737514 0.6176329222983497
vn -0.7827933815870604 -0.0759216374737514 0.6176329222983497
vn -0.7827933815870604 -0.0759216374737514 0.6176329222983497
vn 0.2731333322704552 0.8473478661262565 0.4554116561684791
vn 0.2731333322704552 0.8473478661262565 0.4554116561684791
vn 0.2731333322704552 0.8473478661262565 0.4554116561684791
vn 0.2731333322704552 0.8473478661262565 0.4554116561684791
vn 0.2731333322704552 0.8473478661262565 0.4554116561684791
vn 0.2731333322704552 0.8473478661262565 0.4554116561684791
vn 0.2638855560684727 0.8583536780527427 0.4399924734262635
vn 0.2638855560684727 0.8583536780527427 0.4399924734262635
vn 0.2638855560684727 0.8583536780527427 0.4399924734262635
vn 0.2638855560684727 0.8583536780527427 0.4399924734262635
vn 0.2638855560684727 0.8583536780527427 0.4399924734262635
vn 0.2638855560684727 0.8583536780527427 0.4399924734262635
vn -0.766967691813135 -0.1269921767790609 0.6289940752914513
vn -0.766967691813135 -0.1269921767790609 0.6289940752914513
vn -0.766967691813135 -0.1269921767790609 0.6289940752914513
vn -0.766967691813135 -0.1269921767790609 0.6289940752914513
vn -0.766967691813135 -0.1269921767790609 0.6289940752914513
vn -0.766967691813135 -0.1269921767790609 0.6289940752914513
vn 0.9160591766454057 -0.12699660058497766 -0.38040432216735026
vn 0.9160591766454057 -0.12699660058497766 -0.38040432216735026
vn 0.9160591766454057 -0.12699660058497766 -0.38040432216735026
vn 0.9160591766454057 -0.12699660058497766 -0.38040432216735026
vn 0.9160591766454057 -0.12699660058497766 -0.38040432216735026
vn 0.9160591766454057 -0.12699660058497766 -0.38040432216735026
vn 0.24056885013431345 -0.8838737422020084 0.4011157391462865
vn 0.24056885013431345 -0.8838737422020084 0.4011157391462865
vn 0.24056885013431345 -0.8838737422020084 0.4011157391462865
vn 0.24056885013431345 -0.8838737422020084 0.4011157391462865
vn 0.24056885013431345 -0.8838737422020084 0.4011157391462865
vn 0.24056885013431345 -0.8838737422020084 0.4011157391462865
vn -0.7295506965684011 -0.1956008934075618 0.6553594980121403
vn -0.7295506965684011 -0.1956008934075618 0.6553594980121403
vn -0.7295506965684011 -0.1956008934075618 0.6553594980121403
vn -0.7295506965684011 -0.1956008934075618 0.6553594980121403
vn -0.7295506965684011 -0.1956008934075618 0.6553594980121403
vn -0.7295506965684011 -0.1956008934075618 0.6553594980121403
vn 0.9216964126828106 -0.19560931682980942 -0.33498166818053426
vn 0.9216964126828106 -0.19560931682980942 -0.33498166818053426
vn 0.9216964126828106 -0.19560931682980942 -0.33498166818053426
vn 0.9216964126828106 -0.19560931682980942 -0.33498166818053426
vn 0.9216964126828106 -0.19560931682980942 -0.33498166818053426
vn 0.9216964126828106 -0.19560931682980942 -0.33498166818053426
vn -0.20931476009661448 -0.9134464356828171 -0.34900277985147016
vn -0.20931476009661448 -0.9134464356828171 -0.34900277985147016
vn -0.20931476009661448 -0.9134464356828171 -0.34900277985147016
vn -0.20931476009661448 -0.9134464356828171 -0.34900277985147016
vn -0.20931476009661448 -0.9134464356828171 -0.34900277985147016
vn -0.20931476009661448 -0.9134464356828171 -0.34900277985147016
vn 0.5143384632484427 5.393192748228452e-8 0.8575872814024396
vn 0.5143384632484427 5.393192748228452e-8 0.8575872814024396
vn 0.5143384632484427 5.393192748228452e-8 0.8575872814024396
vn 0.5143384632484427 5.393192748228452e-8 0.8575872814024396
vn 0.5143384632484427 5.393192748228452e-8 0.8575872814024396
vn 0.5143384632484427 5.393192748228452e-8 0.8575872814024396
vn -2.8341677811292524e-8 -0.9999999999999991 3.063938315815543e-8
vn -2.8341677811292524e-8 -0.9999999999999991 3.063938315815543e-8
vn -2.8341677811292524e-8 -0.9999999999999991 3.063938315815543e-8
vn -2.8341677811292524e-8 -0.9999999999999991 3.063938315815543e-8
vn -2.8341677811292524e-8 -0.9999999999999991 3.063938315815543e-8
vn -2.8341677811292524e-8 -0.9999999999999991 3.063938315815543e-8
vn 0.9566738509948197 -0.009359015549625028 -0.2910112569140295
vn 0.9566738509948197 -0.009359015549625028 -0.2910112569140295
vn 0.9566738509948197 -0.009359015549625028 -0.2910112569140295
vn 0.9566738509948197 -0.009359015549625028 -0.2910112569140295
vn 0.9566738509948197 -0.009359015549625028 -0.2910112569140295
vn 0.9566738509948197 -0.009359015549625028 -0.2910112569140295
vn -0.26609901138537595 -0.06566102339294679 -0.9617067880319429
vn -0.26609901138537595 -0.06566102339294679 -0.9617067880319429
vn -0.26609901138537595 -0.06566102339294679 -0.9617067880319429
vn -0.26609901138537595 -0.06566102339294679 -0.9617067880319429
vn -0.26609901138537595 -0.06566102339294679 -0.9617067880319429
vn -0.26609901138537595 -0.06566102339294679 -0.9617067880319429
vn 0.9545989529452267 -0.007459843509474611 -0.2978005872571286
vn 0.9545989529452267 -0.007459843509474611 -0.2978005872571286
vn 0.9545989529452267 -0.007459843509474611 -0.2978005872571286
vn 0.9545989529452267 -0.007459843509474611 -0.2978005872571286
vn 0.9545989529452267 -0.007459843509474611 -0.2978005872571286
vn 0.9545989529452267 -0.007459843509474611 -0.2978005872571286
vn 0.2603603643596547 -0.2163253851857252 0.9409653598272126
vn 0.2603603643596547 -0.2163253851857252 0.9409653598272126
vn 0.2603603643596547 -0.2163253851857252 0.9409653598272126
vn 0.2603603643596547 -0.2163253851857252 0.9409653598272126
vn 0.2603603643596547 -0.2163253851857252 0.9409653598272126
vn 0.2603603643596547 -0.2163253851857252 0.9409653598272126
vn -0.267866531181696 -0.04595891751306438 -0.9623592361346738
vn -0.267866531181696 -0.04595891751306438 -0.9623592361346738
vn -0.267866531181696 -0.04595891751306438 -0.9623592361346738
vn -0.267866531181696 -0.04595891751306438 -0.9623592361346738
vn -0.267866531181696 -0.04595891751306438 -0.9623592361346738
vn -0.267866531181696 -0.04595891751306438 -0.9623592361346738
vn -0.2562861928741016 -0.12336863161299494 -0.9586957640857895
vn -0.2562861928741016 -0.12336863161299494 -0.9586957640857895
vn -0.2562861928741016 -0.12336863161299494 -0.9586957640857895
vn -0.2562861928741016 -0.12336863161299494 -0.9586957640857895
vn -0.2562861928741016 -0.12336863161299494 -0.9586957640857895
vn -0.2562861928741016 -0.12336863161299494 -0.9586957640857895
vn 0.27276101545273784 0.03401890503365152 0.9614801831288584
vn 0.27276101545273784 0.03401890503365152 0.9614801831288584
vn 0.27276101545273784 0.03401890503365152 0.9614801831288584
vn 0.27276101545273784 0.03401890503365152 0.9614801831288584
vn 0.27276101545273784 0.03401890503365152 0.9614801831288584
vn 0.27276101545273784 0.03401890503365152 0.9614801831288584
vn -0.952040625289908 -0.07605431397877052 0.2963686709536273
vn -0.952040625289908 -0.07605431397877052 0.2963686709536273
vn -0.952040625289908 -0.07605431397877052 0.2963686709536273
vn -0.952040625289908 -0.07605431397877052 0.2963686709536273
vn -0.952040625289908 -0.07605431397877052 0.2963686709536273
vn -0.952040625289908 -0.07605431397877052 0.2963686709536273
vn 0.26667502334641535 -7.202794586400516e-7 0.9637865074396248
vn 0.26667502334641535 -7.202794586400516e-7 0.9637865074396248
vn 0.26667502334641535 -7.202794586400516e-7 0.9637865074396248
vn 0.26667502334641535 -7.202794586400516e-7 0.9637865074396248
vn 0.26667502334641535 -7.202794586400516e-7 0.9637865074396248
vn 0.26667502334641535 -7.202794586400516e-7 0.9637865074396248
vn 0.27185217498777914 0.01783173960264329 0.9621738013566765
vn 0.27185217498777914 0.01783173960264329 0.9621738013566765
vn 0.27185217498777914 0.01783173960264329 0.9621738013566765
vn 0.27185217498777914 0.01783173960264329 0.9621738013566765
vn 0.27185217498777914 0.01783173960264329 0.9621738013566765
vn 0.27185217498777914 0.01783173960264329 0.9621738013566765
vn -0.8135038725998855 -0.5324256207555782 0.23395385790370346
vn -0.8135038725998855 -0.5324256207555782 0.23395385790370346
vn -0.8135038725998855 -0.5324256207555782 0.23395385790370346
vn -0.8135038725998855 -0.5324256207555782 0.23395385790370346
vn -0.8135038725998855 -0.5324256207555782 0.23395385790370346
vn -0.8135038725998855 -0.5324256207555782 0.23395385790370346
vn 0.7039599198210084 0.682094379084439 -0.1979588070963583
vn 0.7039599198210084 0.682094379084439 -0.1979588070963583
vn 0.7039599198210084 0.682094379084439 -0.1979588070963583
vn 0.7039599198210084 0.682094379084439 -0.1979588070963583
vn 0.7039599198210084 0.682094379084439 -0.1979588070963583
vn 0.7039599198210084 0.682094379084439 -0.1979588070963583
vn -0.07995592971007341 0.9965528597966318 0.022123447637135342
vn -0.07995592971007341 0.9965528597966318 0.022123447637135342
vn -0.07995592971007341 0.9965528597966318 0.022123447637135342
vn -0.07995592971007341 0.9965528597966318 0.022123447637135342
vn -0.07995592971007341 0.9965528597966318 0.022123447637135342
vn -0.07995592971007341 0.9965528597966318 0.022123447637135342
vn -0.46515359202387985 -0.875823504432179 0.12870635148048826
vn -0.46515359202387985 -0.875823504432179 0.12870635148048826
vn -0.46515359202387985 -0.875823504432179 0.12870635148048826
vn -0.46515359202387985 -0.875823504432179 0.12870635148048826
vn -0.46515359202387985 -0.875823504432179 0.12870635148048826
vn -0.46515359202387985 -0.875823504432179 0.12870635148048826
vn 0.42700958365205965 0.8964948033714191 -0.11815194876655796
vn 0.42700958365205965 0.8964948033714191 -0.11815194876655796
vn 0.42700958365205965 0.8964948033714191 -0.11815194876655796
vn 0.42700958365205965 0.8964948033714191 -0.11815194876655796
vn 0.42700958365205965 0.8964948033714191 -0.11815194876655796
vn 0.42700958365205965 0.8964948033714191 -0.11815194876655796
vn -0.26667491154394357 0.0000014621371133122655 -0.9637865383739761
vn -0.26667491154394357 0.0000014621371133122655 -0.9637865383739761
vn -0.26667491154394357 0.0000014621371133122655 -0.9637865383739761
vn -0.26667491154394357 0.0000014621371133122655 -0.9637865383739761
vn -0.26667491154394357 0.0000014621371133122655 -0.9637865383739761
vn -0.26667491154394357 0.0000014621371133122655 -0.9637865383739761
vn 0.15604043500238876 -0.04193867437121533 0.9868599344568866
vn 0.15604043500238876 -0.04193867437121533 0.9868599344568866
vn 0.15604043500238876 -0.04193867437121533 0.9868599344568866
vn 0.15604043500238876 -0.04193867437121533 0.9868599344568866
vn 0.15604043500238876 -0.04193867437121533 0.9868599344568866
vn 0.15604043500238876 -0.04193867437121533 0.9868599344568866
vn -0.26667491154394357 0.0000014621371133122655 -0.9637865383739761
vn -0.26667491154394357 0.0000014621371133122655 -0.9637865383739761
vn -0.2666755825201757 0.0000012210165989940295 -0.963786352718295
vn -0.26667491154394357 0.0000014621371133122655 -0.9637865383739761
vn -0.2666755825201757 0.0000012210165989940295 -0.963786352718295
vn -0.2666755825201757 0.0000012210165989940295 -0.963786352718295
vn 0.26667502334641535 -7.202794586400516e-7 0.9637865074396248
vn 0.26667502334641535 -7.202794586400516e-7 0.9637865074396248
vn 0.2666754986685715 -8.244436542364975e-7 0.963786375920094
vn 0.26667502334641535 -7.202794586400516e-7 0.9637865074396248
vn 0.2666754986685715 -8.244436542364975e-7 0.963786375920094
vn 0.2666754986685715 -8.244436542364975e-7 0.963786375920094
vn 0.06629865149554318 -0.9976311807247462 -0.01834437395009125
vn 0.06629865149554318 -0.9976311807247462 -0.01834437395009125
vn 0.06629865149554318 -0.9976311807247462 -0.01834437395009125
vn 0.06629865149554318 -0.9976311807247462 -0.01834437395009125
vn 0.06629865149554318 -0.9976311807247462 -0.01834437395009125
vn 0.06629865149554318 -0.9976311807247462 -0.01834437395009125
vn 0.5821604043240658 -0.7969580353693715 -0.1610812015644024
vn 0.5821604043240658 -0.7969580353693715 -0.1610812015644024
vn 0.5821604043240658 -0.7969580353693715 -0.1610812015644024
vn 0.5821604043240658 -0.7969580353693715 -0.1610812015644024
vn 0.5821604043240658 -0.7969580353693715 -0.1610812015644024
vn 0.5821604043240658 -0.7969580353693715 -0.1610812015644024
vn 0.29609173342626494 -0.9516394276112515 -0.08192731664322356
vn 0.29609173342626494 -0.9516394276112515 -0.08192731664322356
vn 0.29609173342626494 -0.9516394276112515 -0.08192731664322356
vn 0.29609173342626494 -0.9516394276112515 -0.08192731664322356
vn 0.29609173342626494 -0.9516394276112515 -0.08192731664322356
vn 0.29609173342626494 -0.9516394276112515 -0.08192731664322356
vn -0.4046059810914129 0.9076125928604375 0.11195258525915762
vn -0.4046059810914129 0.9076125928604375 0.11195258525915762
vn -0.4046059810914129 0.9076125928604375 0.11195258525915762
vn -0.4046059810914129 0.9076125928604375 0.11195258525915762
vn -0.4046059810914129 0.9076125928604375 0.11195258525915762
vn -0.4046059810914129 0.9076125928604375 0.11195258525915762
vn -0.3734364829642911 -0.041936742510895 -0.9267073447528273
vn -0.3734364829642911 -0.041936742510895 -0.9267073447528273
vn -0.3734364829642911 -0.041936742510895 -0.9267073447528273
vn -0.3734364829642911 -0.041936742510895 -0.9267073447528273
vn -0.3734364829642911 -0.041936742510895 -0.9267073447528273
vn -0.3734364829642911 -0.041936742510895 -0.9267073447528273
vn -0.6839213652752218 0.7045853128081205 0.18923821785030454
vn -0.6839213652752218 0.7045853128081205 0.18923821785030454
vn -0.6839213652752218 0.7045853128081205 0.18923821785030454
vn -0.6839213652752218 0.7045853128081205 0.18923821785030454
vn -0.6839213652752218 0.7045853128081205 0.18923821785030454
vn -0.6839213652752218 0.7045853128081205 0.18923821785030454
vn -0.6676584525550014 0.7211823585699773 0.18473818343619686
vn -0.6676584525550014 0.7211823585699773 0.18473818343619686
vn -0.6676584525550014 0.7211823585699773 0.18473818343619686
vn -0.6676584525550014 0.7211823585699773 0.18473818343619686
vn -0.6676584525550014 0.7211823585699773 0.18473818343619686
vn -0.6676584525550014 0.7211823585699773 0.18473818343619686
vn -0.38829170319823625 -0.07044134093013053 -0.9188403401654598
vn -0.38829170319823625 -0.07044134093013053 -0.9188403401654598
vn -0.38829170319823625 -0.07044134093013053 -0.9188403401654598
vn -0.38829170319823625 -0.07044134093013053 -0.9188403401654598
vn -0.38829170319823625 -0.07044134093013053 -0.9188403401654598
vn -0.38829170319823625 -0.07044134093013053 -0.9188403401654598
vn 0.13925553447209307 -0.07044243411016325 0.9877478218632157
vn 0.13925553447209307 -0.07044243411016325 0.9877478218632157
vn 0.13925553447209307 -0.07044243411016325 0.9877478218632157
vn 0.13925553447209307 -0.07044243411016325 0.9877478218632157
vn 0.13925553447209307 -0.07044243411016325 0.9877478218632157
vn 0.13925553447209307 -0.07044243411016325 0.9877478218632157
vn -0.6243649946220284 -0.7617888738794036 0.17276013754389147
vn -0.6243649946220284 -0.7617888738794036 0.17276013754389147
vn -0.6243649946220284 -0.7617888738794036 0.17276013754389147
vn -0.6243649946220284 -0.7617888738794036 0.17276013754389147
vn -0.6243649946220284 -0.7617888738794036 0.17276013754389147
vn -0.6243649946220284 -0.7617888738794036 0.17276013754389147
vn -0.42325714586668095 -0.10952972567609615 -0.8993645688296324
vn -0.42325714586668095 -0.10952972567609615 -0.8993645688296324
vn -0.42325714586668095 -0.10952972567609615 -0.8993645688296324
vn -0.42325714586668095 -0.10952972567609615 -0.8993645688296324
vn -0.42325714586668095 -0.10952972567609615 -0.8993645688296324
vn -0.42325714586668095 -0.10952972567609615 -0.8993645688296324
vn 0.09925168063181967 -0.10953402899518039 0.9890153691342931
vn 0.09925168063181967 -0.10953402899518039 0.9890153691342931
vn 0.09925168063181967 -0.10953402899518039 0.9890153691342931
vn 0.09925168063181967 -0.10953402899518039 0.9890153691342931
vn 0.09925168063181967 -0.10953402899518039 0.9890153691342931
vn 0.09925168063181967 -0.10953402899518039 0.9890153691342931
vn 0.5610640458598379 -0.8130844950235661 -0.15524413159814576
vn 0.5610640458598379 -0.8130844950235661 -0.15524413159814576
vn 0.5610640458598379 -0.8130844950235661 -0.15524413159814576
vn 0.5610640458598379 -0.8130844950235661 -0.15524413159814576
vn 0.5610640458598379 -0.8130844950235661 -0.15524413159814576
vn 0.5610640458598379 -0.8130844950235661 -0.15524413159814576
vn -0.94903821301568 -0.1078217343657726 0.2961434514460208
vn -0.94903821301568 -0.1078217343657726 0.2961434514460208
vn -0.94903821301568 -0.1078217343657726 0.2961434514460208
vn -0.94903821301568 -0.1078217343657726 0.2961434514460208
vn -0.94903821301568 -0.1078217343657726 0.2961434514460208
vn -0.94903821301568 -0.1078217343657726 0.2961434514460208
vn 0.00007065820756988869 -0.9999999648141558 0.0002556933808644767
vn 0.00007065820756988869 -0.9999999648141558 0.0002556933808644767
vn 0.00007065820756988869 -0.9999999648141558 0.0002556933808644767
vn 0.00007065820756988869 -0.9999999648141558 0.0002556933808644767
vn 0.00007065820756988869 -0.9999999648141558 0.0002556933808644767
vn 0.00007065820756988869 -0.9999999648141558 0.0002556933808644767
f 1225//1225 1226//1226 1227//1227
f 1228//1228 1229//1229 1230//1230
f 1231//1231 1232//1232 1233//1233
f 1234//1234 1235//1235 1236//1236
f 1237//1237 1238//1238 1239//1239
f 1240//1240 1241//1241 1242//1242
f 1243//1243 1244//1244 1245//1245
f 1246//1246 1247//1247 1248//1248
f 1249//1249 1250//1250 1251//1251
f 1252//1252 1253//1253 1254//1254
f 1255//1255 1256//1256 1257//1257
f 1258//1258 1259//1259 1260//1260
f 1261//1261 1262//1262 1263//1263
f 1264//1264 1265//1265 1266//1266
f 1267//1267 1268//1268 1269//1269
f 1270//1270 1271//1271 1272//1272
f 1273//1273 1274//1274 1275//1275
f 1276//1276 1277//1277 1278//1278
f 1279//1279 1280//1280 1281//1281
f 1282//1282 1283//1283 1284//1284
f 1285//1285 1286//1286 1287//1287
f 1288//1288 1289//1289 1290//1290
f 1291//1291 1292//1292 1293//1293
f 1294//1294 1295//1295 1296//1296
f 1297//1297 1298//1298 1299//1299
f 1300//1300 1301//1301 1302//1302
f 1303//1303 1304//1304 1305//1305
f 1306//1306 1307//1307 1308//1308
f 1309//1309 1310//1310 1311//1311
f 1312//1312 1313//1313 1314//1314
f 1315//1315 1316//1316 1317//1317
f 1318//1318 1319//1319 1320//1320
f 1321//1321 1322//1322 1323//1323
f 1324//1324 1325//1325 1326//1326
f 1327//1327 1328//1328 1329//1329
f 1330//1330 1331//1331 1332//1332
f 1333//1333 1334//1334 1335//1335
f 1336//1336 1337//1337 1338//1338
f 1339//1339 1340//1340 1341//1341
f 1342//1342 1343//1343 1344//1344
f 1345//1345 1346//1346 1347//1347
f 1348//1348 1349//1349 1350//1350
f 1351//1351 1352//1352 1353//1353
f 1354//1354 1355//1355 1356//1356
f 1357//1357 1358//1358 1359//1359
f 1360//1360 1361//1361 1362//1362
f 1363//1363 1364//1364 1365//1365
f 1366//1366 1367//1367 1368//1368
f 1369//1369 1370//1370 1371//1371
f 1372//1372 1373//1373 1374//1374
f 1375//1375 1376//1376 1377//1377
f 1378//1378 1379//1379 1380//1380
f 1381//1381 1382//1382 1383//1383
f 1384//1384 1385//1385 1386//1386
f 1387//1387 1388//1388 1389//1389
f 1390//1390 1391//1391 1392//1392
f 1393//1393 1394//1394 1395//1395
f 1396//1396 1397//1397 1398//1398
f 1399//1399 1400//1400 1401//1401
f 1402//1402 1403//1403 1404//1404
f 1405//1405 1406//1406 1407//1407
f 1408//1408 1409//1409 1410//1410
f 1411//1411 1412//1412 1413//1413
f 1414//1414 1415//1415 1416//1416
f 1417//1417 1418//1418 1419//1419
f 1420//1420 1421//1421 1422//1422
f 1423//1423 1424//1424 1425//1425
f 1426//1426 1427//1427 1428//1428
f 1429//1429 1430//1430 1431//1431
f 1432//1432 1433//1433 1434//1434
f 1435//1435 1436//1436 1437//1437
f 1438//1438 1439//1439 1440//1440
f 1441//1441 1442//1442 1443//1443
f 1444//1444 1445//1445 1446//1446
f 1447//1447 1448//1448 1449//1449
f 1450//1450 1451//1451 1452//1452
f 1453//1453 1454//1454 1455//1455
f 1456//1456 1457//1457 1458//1458
f 1459//1459 1460//1460 1461//1461
f 1462//1462 1463//1463 1464//1464
f 1465//1465 1466//1466 1467//1467
f 1468//1468 1469//1469 1470//1470
f 1471//1471 1472//1472 1473//1473
f 1474//1474 1475//1475 1476//1476
f 1477//1477 1478//1478 1479//1479
f 1480//1480 1481//1481 1482//1482
f 1483//1483 1484//1484 1485//1485
f 1486//1486 1487//1487 1488//1488
f 1489//1489 1490//1490 1491//1491
f 1492//1492 1493//1493 1494//1494
f 1495//1495 1496//1496 1497//1497
f 1498//1498 1499//1499 1500//1500
f 1501//1501 1502//1502 1503//1503
f 1504//1504 1505//1505 1506//1506
f 1507//1507 1508//1508 1509//1509
f 1510//1510 1511//1511 1512//1512
f 1513//1513 1514//1514 1515//1515
f 1516//1516 1517//1517 1518//1518
f 1519//1519 1520//1520 1521//1521
f 1522//1522 1523//1523 1524//1524
f 1525//1525 1526//1526 1527//1527
f 1528//1528 1529//1529 1530//1530
f 1531//1531 1532//1532 1533//1533
f 1534//1534 1535//1535 1536//1536
f 1537//1537 1538//1538 1539//1539
f 1540//1540 1541//1541 1542//1542
f 1543//1543 1544//1544 1545//1545
f 1546//1546 1547//1547 1548//1548
f 1549//1549 1550//1550 1551//1551
f 1552//1552 1553//1553 1554//1554
f 1555//1555 1556//1556 1557//1557
f 1558//1558 1559//1559 1560//1560
f 1561//1561 1562//1562 1563//1563
f 1564//1564 1565//1565 1566//1566
f 1567//1567 1568//1568 1569//1569
f 1570//1570 1571//1571 1572//1572
f 1573//1573 1574//1574 1575//1575
f 1576//1576 1577//1577 1578//1578
f 1579//1579 1580//1580 1581//1581
f 1582//1582 1583//1583 1584//1584
f 1585//1585 1586//1586 1587//1587
f 1588//1588 1589//1589 1590//1590
f 1591//1591 1592//1592 1593//1593
f 1594//1594 1595//1595 1596//1596
f 1597//1597 1598//1598 1599//1599
f 1600//1600 1601//1601 1602//1602
f 1603//1603 1604//1604 1605//1605
f 1606//1606 1607//1607 1608//1608
f 1609//1609 1610//1610 1611//1611
f 1612//1612 1613//1613 1614//1614
f 1615//1615 1616//1616 1617//1617
f 1618//1618 1619//1619 1620//1620
f 1621//1621 1622//1622 1623//1623
f 1624//1624 1625//1625 1626//1626
f 1627//1627 1628//1628 1629//1629
f 1630//1630 1631//1631 1632//1632
f 1633//1633 1634//1634 1635//1635
f 1636//1636 1637//1637 1638//1638
f 1639//1639 1640//1640 1641//1641
f 1642//1642 1643//1643 1644//1644
f 1645//1645 1646//1646 1647//1647
f 1648//1648 1649//1649 1650//1650
f 1651//1651 1652//1652 1653//1653
f 1654//1654 1655//1655 1656//1656
f 1657//1657 1658//1658 1659//1659
f 1660//1660 1661//1661 1662//1662
f 1663//1663 1664//1664 1665//1665
f 1666//1666 1667//1667 1668//1668
f 1669//1669 1670//1670 1671//1671
f 1672//1672 1673//1673 1674//1674
f 1675//1675 1676//1676 1677//1677
f 1678//1678 1679//1679 1680//1680
f 1681//1681 1682//1682 1683//1683
f 1684//1684 1685//1685 1686//1686
f 1687//1687 1688//1688 1689//1689
f 1690//1690 1691//1691 1692//1692
f 1693//1693 1694//1694 1695//1695
f 1696//1696 1697//1697 1698//1698
f 1699//1699 1700//1700 1701//1701
f 1702//1702 1703//1703 1704//1704
f 1705//1705 1706//1706 1707//1707
f 1708//1708 1709//1709 1710//1710
f 1711//1711 1712//1712 1713//1713
f 1714//1714 1715//1715 1716//1716
f 1717//1717 1718//1718 1719//1719
f 1720//1720 1721//1721 1722//1722
f 1723//1723 1724//1724 1725//1725
f 1726//1726 1727//1727 1728//1728
f 1729//1729 1730//1730 1731//1731
f 1732//1732 1733//1733 1734//1734
f 1735//1735 1736//1736 1737//1737
f 1738//1738 1739//1739 1740//1740
f 1741//1741 1742//1742 1743//1743
f 1744//1744 1745//1745 1746//1746
f 1747//1747 1748//1748 1749//1749
f 1750//1750 1751//1751 1752//1752
f 1753//1753 1754//1754 1755//1755
f 1756//1756 1757//1757 1758//1758
f 1759//1759 1760//1760 1761//1761
f 1762//1762 1763//1763 1764//1764
f 1765//1765 1766//1766 1767//1767
f 1768//1768 1769//1769 1770//1770
f 1771//1771 1772//1772 1773//1773
f 1774//1774 1775//1775 1776//1776
f 1777//1777 1778//1778 1779//1779
f 1780//1780 1781//1781 1782//1782
f 1783//1783 1784//1784 1785//1785
f 1786//1786 1787//1787 1788//1788
f 1789//1789 1790//1790 1791//1791
f 1792//1792 1793//1793 1794//1794
f 1795//1795 1796//1796 1797//1797
f 1798//1798 1799//1799 1800//1800
f 1801//1801 1802//1802 1803//1803
f 1804//1804 1805//1805 1806//1806
f 1807//1807 1808//1808 1809//1809
f 1810//1810 1811//1811 1812//1812
f 1813//1813 1814//1814 1815//1815
f 1816//1816 1817//1817 1818//1818
f 1819//1819 1820//1820 1821//1821
f 1822//1822 1823//1823 1824//1824
f 1825//1825 1826//1826 1827//1827
f 1828//1828 1829//1829 1830//1830
f 1831//1831 1832//1832 1833//1833
f 1834//1834 1835//1835 1836//1836
f 1837//1837 1838//1838 1839//1839
f 1840//1840 1841//1841 1842//1842
f 1843//1843 1844//1844 1845//1845
f 1846//1846 1847//1847 1848//1848
f 1849//1849 1850//1850 1851//1851
f 1852//1852 1853//1853 1854//1854
f 1855//1855 1856//1856 1857//1857
f 1858//1858 1859//1859 1860//1860
f 1861//1861 1862//1862 1863//1863
f 1864//1864 1865//1865 1866//1866
f 1867//1867 1868//1868 1869//1869
f 1870//1870 1871//1871 1872//1872
f 1873//1873 1874//1874 1875//1875
f 1876//1876 1877//1877 1878//1878
f 1879//1879 1880//1880 1881//1881
f 1882//1882 1883//1883 1884//1884
f 1885//1885 1886//1886 1887//1887
f 1888//1888 1889//1889 1890//1890
f 1891//1891 1892//1892 1893//1893
f 1894//1894 1895//1895 1896//1896
f 1897//1897 1898//1898 1899//1899
f 1900//1900 1901//1901 1902//1902
f 1903//1903 1904//1904 1905//1905
f 1906//1906 1907//1907 1908//1908
f 1909//1909 1910//1910 1911//1911
f 1912//1912 1913//1913 1914//1914
f 1915//1915 1916//1916 1917//1917
f 1918//1918 1919//1919 1920//1920
f 1921//1921 1922//1922 1923//1923
f 1924//1924 1925//1925 1926//1926
f 1927//1927 1928//1928 1929//1929
f 1930//1930 1931//1931 1932//1932
f 1933//1933 1934//1934 1935//1935
f 1936//1936 1937//1937 1938//1938
f 1939//1939 1940//1940 1941//1941
f 1942//1942 1943//1943 1944//1944
f 1945//1945 1946//1946 1947//1947
f 1948//1948 1949//1949 1950//1950
f 1951//1951 1952//1952 1953//1953
f 1954//1954 1955//1955 1956//1956
f 1957//1957 1958//1958 1959//1959
f 1960//1960 1961//1961 1962//1962
f 1963//1963 1964//1964 1965//1965
f 1966//1966 1967//1967 1968//1968
f 1969//1969 1970//1970 1971//1971
f 1972//1972 1973//1973 1974//1974
f 1975//1975 1976//1976 1977//1977
f 1978//1978 1979//1979 1980//1980
f 1981//1981 1982//1982 1983//1983
f 1984//1984 1985//1985 1986//1986
f 1987//1987 1988//1988 1989//1989
f 1990//1990 1991//1991 1992//1992
f 1993//1993 1994//1994 1995//1995
f 1996//1996 1997//1997 1998//1998
f 1999//1999 2000//2000 2001//2001
f 2002//2002 2003//2003 2004//2004
f 2005//2005 2006//2006 2007//2007
f 2008//2008 2009//2009 2010//2010
f 2011//2011 2012//2012 2013//2013
f 2014//2014 2015//2015 2016//2016
f 2017//2017 2018//2018 2019//2019
f 2020//2020 2021//2021 2022//2022
f 2023//2023 2024//2024 2025//2025
f 2026//2026 2027//2027 2028//2028
f 2029//2029 2030//2030 2031//2031
f 2032//2032 2033//2033 2034//2034
f 2035//2035 2036//2036 2037//2037
f 2038//2038 2039//2039 2040//2040
f 2041//2041 2042//2042 2043//2043
f 2044//2044 2045//2045 2046//2046
f 2047//2047 2048//2048 2049//2049
f 2050//2050 2051//2051 2052//2052
f 2053//2053 2054//2054 2055//2055
f 2056//2056 2057//2057 2058//2058
f 2059//2059 2060//2060 2061//2061
f 2062//2062 2063//2063 2064//2064
f 2065//2065 2066//2066 2067//2067
f 2068//2068 2069//2069 2070//2070
f 2071//2071 2072//2072 2073//2073
f 2074//2074 2075//2075 2076//2076
f 2077//2077 2078//2078 2079//2079
f 2080//2080 2081//2081 2082//2082
f 2083//2083 2084//2084 2085//2085
f 2086//2086 2087//2087 2088//2088
f 2089//2089 2090//2090 2091//2091
f 2092//2092 2093//2093 2094//2094
f 2095//2095 2096//2096 2097//2097
f 2098//2098 2099//2099 2100//2100
f 2101//2101 2102//2102 2103//2103
f 2104//2104 2105//2105 2106//2106
f 2107//2107 2108//2108 2109//2109
f 2110//2110 2111//2111 2112//2112
f 2113//2113 2114//2114 2115//2115
f 2116//2116 2117//2117 2118//2118
f 2119//2119 2120//2120 2121//2121
f 2122//2122 2123//2123 2124//2124
f 2125//2125 2126//2126 2127//2127
f 2128//2128 2129//2129 2130//2130
f 2131//2131 2132//2132 2133//2133
f 2134//2134 2135//2135 2136//2136
f 2137//2137 2138//2138 2139//2139
f 2140//2140 2141//2141 2142//2142
f 2143//2143 2144//2144 2145//2145
f 2146//2146 2147//2147 2148//2148
f 2149//2149 2150//2150 2151//2151
f 2152//2152 2153//2153 2154//2154
f 2155//2155 2156//2156 2157//2157
f 2158//2158 2159//2159 2160//2160
f 2161//2161 2162//2162 2163//2163
f 2164//2164 2165//2165 2166//2166
f 2167//2167 2168//2168 2169//2169
f 2170//2170 2171//2171 2172//2172
f 2173//2173 2174//2174 2175//2175
f 2176//2176 2177//2177 2178//2178
f 2179//2179 2180//2180 2181//2181
f 2182//2182 2183//2183 2184//2184
f 2185//2185 2186//2186 2187//2187
f 2188//2188 2189//2189 2190//2190
f 2191//2191 2192//2192 2193//2193
f 2194//2194 2195//2195 2196//2196
f 2197//2197 2198//2198 2199//2199
f 2200//2200 2201//2201 2202//2202
f 2203//2203 2204//2204 2205//2205
f 2206//2206 2207//2207 2208//2208
f 2209//2209 2210//2210 2211//2211
f 2212//2212 2213//2213 2214//2214
f 2215//2215 2216//2216 2217//2217
f 2218//2218 2219//2219 2220//2220
f 2221//2221 2222//2222 2223//2223
f 2224//2224 2225//2225 2226//2226
f 2227//2227 2228//2228 2229//2229
f 2230//2230 2231//2231 2232//2232
f 2233//2233 2234//2234 2235//2235
f 2236//2236 2237//2237 2238//2238
f 2239//2239 2240//2240 2241//2241
f 2242//2242 2243//2243 2244//2244
f 2245//2245 2246//2246 2247//2247
f 2248//2248 2249//2249 2250//2250
f 2251//2251 2252//2252 2253//2253
f 2254//2254 2255//2255 2256//2256
f 2257//2257 2258//2258 2259//2259
f 2260//2260 2261//2261 2262//2262
f 2263//2263 2264//2264 2265//2265
f 2266//2266 2267//2267 2268//2268
f 2269//2269 2270//2270 2271//2271
f 2272//2272 2273//2273 2274//2274
f 2275//2275 2276//2276 2277//2277
f 2278//2278 2279//2279 2280//2280
f 2281//2281 2282//2282 2283//2283
f 2284//2284 2285//2285 2286//2286
f 2287//2287 2288//2288 2289//2289
f 2290//2290 2291//2291 2292//2292
f 2293//2293 2294//2294 2295//2295
f 2296//2296 2297//2297 2298//2298
f 2299//2299 2300//2300 2301//2301
f 2302//2302 2303//2303 2304//2304
f 2305//2305 2306//2306 2307//2307
f 2308//2308 2309//2309 2310//2310
f 2311//2311 2312//2312 2313//2313
f 2314//2314 2315//2315 2316//2316
f 2317//2317 2318//2318 2319//2319
f 2320//2320 2321//2321 2322//2322
f 2323//2323 2324//2324 2325//2325
f 2326//2326 2327//2327 2328//2328
f 2329//2329 2330//2330 2331//2331
f 2332//2332 2333//2333 2334//2334
f 2335//2335 2336//2336 2337//2337
f 2338//2338 2339//2339 2340//2340
f 2341//2341 2342//2342 2343//2343
f 2344//2344 2345//2345 2346//2346
f 2347//2347 2348//2348 2349//2349
f 2350//2350 2351//2351 2352//2352
f 2353//2353 2354//2354 2355//2355
f 2356//2356 2357//2357 2358//2358
f 2359//2359 2360//2360 2361//2361
f 2362//2362 2363//2363 2364//2364
f 2365//2365 2366//2366 2367//2367
f 2368//2368 2369//2369 2370//2370
f 2371//2371 2372//2372 2373//2373
f 2374//2374 2375//2375 2376//2376
f 2377//2377 2378//2378 2379//2379
f 2380//2380 2381//2381 2382//2382
f 2383//2383 2384//2384 2385//2385
f 2386//2386 2387//2387 2388//2388
f 2389//2389 2390//2390 2391//2391
f 2392//2392 2393//2393 2394//2394
f 2395//2395 2396//2396 2397//2397
f 2398//2398 2399//2399 2400//2400
f 2401//2401 2402//2402 2403//2403
f 2404//2404 2405//2405 2406//2406
f 2407//2407 2408//2408 2409//2409
f 2410//2410 2411//2411 2412//2412
f 2413//2413 2414//2414 2415//2415
f 2416//2416 2417//2417 2418//2418
f 2419//2419 2420//2420 2421//2421
f 2422//2422 2423//2423 2424//2424
f 2425//2425 2426//2426 2427//2427
f 2428//2428 2429//2429 2430//2430
f 2431//2431 2432//2432 2433//2433
f 2434//2434 2435//2435 2436//2436
f 2437//2437 2438//2438 2439//2439
f 2440//2440 2441//2441 2442//2442
f 2443//2443 2444//2444 2445//2445
f 2446//2446 2447//2447 2448//2448
